Solvent_SMILES,Solvent_name,298.15,303.59,309.04,314.48,319.93,325.37,330.82,336.26,341.71,347.15
CCCCCCCCCCCCCCCC(=O)OCC(O)COC(=O)CCCCCCCCCCCCCCC,(3-hexadecanoyloxy-2-hydroxypropyl) hexadecanoate,,,,,,,,,,
CC1(C)COC(=O)C1O,(D)-PANTOLACTONE,1.132637676,1.157829506,1.18434205,1.183591661,1.213399635,1.247537791,1.286849292,1.33247383,1.385950868,9999.999777
CSSC,(methyldisulfanyl)methane,,,,,,,,,,
CCCCCCCCCCCCC(F)(F)C(F)(F)C(F)(F)C(F)(F)C(F)(F)C(F)(F)C(F)(F)C(F)(F)F,"1,1,1,2,2,3,3,4,4,5,5,6,6,7,7,8,8-heptadecafluoroicosane",,,,,,,,,,
CCCCCCCCCCCCCCCCC(F)(F)C(F)(F)C(F)(F)C(F)(F)C(F)(F)C(F)(F)F,"1,1,1,2,2,3,3,4,4,5,5,6,6-tridecafluorodocosane",,,,,,,,,,
CCCCCCCCCCCCC(F)(F)C(F)(F)C(F)(F)C(F)(F)C(F)(F)C(F)(F)F,"1,1,1,2,2,3,3,4,4,5,5,6,6-tridecafluorooctadecane",,,,,,,,,,
CCCCCCCCCCCCCCCCCCC(F)(F)C(F)(F)C(F)(F)C(F)(F)F,"1,1,1,2,2,3,3,4,4-nonafluorodocosane",,,,,,,,,,
FC(Cl)(Cl)C(F)(Cl)Cl,"1,1,2,2-tetrachloro-1,2-difluoroethane",,,,,,,,,,
NC1CCS(=O)(=O)C1,"1,1-dioxothiolan-3-amine",1.387395165,1.412464264,1.437915073,1.418180704,1.444898968,1.475698783,1.511269679,3.375321918,3.229999091,1.657407294
O=S1(=O)CCC(O)C1,"1,1-dioxothiolan-3-ol",9999.99976,9999.99976,9999.99976,9999.99976,9999.99976,9999.99976,9999.99976,9999.99976,9999.999759,9999.999759
C1CCC2CCCCC2C1,"1,2,3,4,4a,5,6,7,8,8a-decahydronaphthalene",,,,,,,,,,
CC(=O)OCC(COC(C)=O)OC(C)=O,"1,2,3-PROPANETRIOL, TRIACETATE",,,,,,,,,,
Cc1ccc(C)c(C)c1,"1,2,4-trimethylbenzene",,,,,,,,,,
COC(=O)c1ccccc1C(=O)OC,"1,2-BENZENEDICARBOXYLIC ACID, DIMETHYL ESTER",,,,,,,,,,
OCCO,"1,2-ETHANEDIOL",0.366489419,0.373439645,0.380665452,0.38382339,0.391816495,0.400508501,0.40996078,0.420253905,0.431471078,0.443714668
CC(=O)OCCOC(C)=O,"1,2-ETHANEDIOL, DIACETATE",,,,,,,,,,
CC(O)CO,"1,2-PROPANEDIOL",0.497792774,0.506600889,0.515647741,0.518020218,0.527819726,0.538441964,0.549947877,0.562417164,0.575925638,0.590565801
OCC(O)COCC(O)CO,"1,2-PROPANEDIOL, 3,3'-OXYDI",0.525429909,0.52318483,0.520597562,0.511459936,0.508542414,0.505703986,0.502935819,0.500234273,0.497583539,0.494982166
OCC(O)CCl,"1,2-PROPANEDIOL, 3-CHLORO",9999.999761,9999.999762,9999.999765,0.472063053,0.484379578,0.497828554,0.512528616,0.528611255,0.546221453,0.565524714
O=S1OCCO1,"1,3,2-dioxathiolane 2-oxide",,,,,,,,,,
Cc1nnc(C)o1,"1,3,4-OXADIAZOLE, 2,5-DIMETHYL",,,,,,,,,,
CCCCCCOC(=O)c1cccc(C(=O)OCCCCCC)c1,"1,3-BENZENEDICARBOXYLIC ACID, DIHEXYL ESTER",,,,,,,,,,
C=CC=C,"1,3-BUTADIENE",,,,,,,,,,
C=CC(=C)C,"1,3-BUTADIENE, 2-METHYL",,,,,,,,,,
O=C1OCCO1,"1,3-DIOXOLAN-2-ONE",,,,,,,,,,
O=C1OCC(CCl)O1,"1,3-DIOXOLAN-2-ONE, 4-CHLOROMETHYL",,,,,,,,,,
CC1COC(=O)O1,"1,3-DIOXOLAN-2-ONE, 4-METHYL",,,,,,,,,,
OCCCO,"1,3-PROPANEDIOL",0.400691227,0.408090543,0.415757533,0.418566539,0.427004959,0.436186123,0.44618699,0.457088664,0.468977388,0.481962684
CCC(CO)(CO)CO,"1,3-PROPANEDIOL, 2-ETHYL, 2-HYDROXYMETHYL",0.469506292,0.473218243,0.476827242,0.473998758,0.477678928,0.481716258,0.486126434,0.490927851,0.496141836,0.501792931
CC(=O)OCCCOC(C)=O,"1,3-PROPANEDIOL, DIACETATE",,,,,,,,,,
C1COCCOCCOCCOCCOCCO1,"1,4,7,10,13,16-hexaoxacyclooctadecane",,,,,,,,,,
CCCCOC(=O)c1c(Cl)c(Cl)c(OC(=O)CCCOC(=O)c2c(Cl)c(Cl)c(C(=O)OCCCC)c(Cl)c2Cl)c(Cl)c1Cl,"1,4-BENZENEDICARBOXYLIC ACID, 2,3,5,6-TETRACHLORO, 1,3-PROPANEDIYL DIBUTYL ESTER",,,,,,,,,,
CCCOC(=O)c1c(Cl)c(Cl)c(OC(=O)CCCOC(=O)c2c(Cl)c(Cl)c(C(=O)OCCC)c(Cl)c2Cl)c(Cl)c1Cl,"1,4-BENZENEDICARBOXYLIC ACID, 2,3,5,6-TETRACHLORO, 1,3-PROPANEDIYL DIPROPYL ESTER",,,,,,,,,,
CCCCCCOC(=O)c1ccc(C(=O)OCCCCCC)cc1,"1,4-BENZENEDICARBOXYLIC ACID, DIHEXYL ESTER",,,,,,,,,,
CCCCOC(=O)c1c(Cl)c(Cl)c(C(=O)OCCCC)c(Cl)c1Cl,"1,4-BENZENEDICARBOXYLIC ACID, TETRACHLORO, DIBUTYL ESTER",,,,,,,,,,
CCCCCOC(=O)c1c(Cl)c(Cl)c(C(=O)OCCCCC)c(Cl)c1Cl,"1,4-BENZENEDICARBOXYLIC ACID, TETRACHLORO, DIPENTYL ESTER",,,,,,,,,,
CCCOC(=O)c1c(Cl)c(Cl)c(Cl)c(Cl)c1C(=O)OCCC,"1,4-BENZENEDICARBOXYLIC ACID, TETRACHLORO, DIPROPYL ESTER",,,,,,,,,,
COCC1(C)COc2ccc(C)cc2S1,"1,4-BENZOXATHIIN, 2,3-DIHYDRO-3-(METHOXYMETHYL)-3,6-DIMETHYL",,,,,,,,,,
OCCCCO,"1,4-BUTANEDIOL",0.457801092,0.464276299,0.470869281,0.471377202,0.478462721,0.486172775,0.49456191,0.50368888,0.513621125,0.524436153
O=C1COCCO1,"1,4-DIOXAN-2-ONE",,,,,,,,,,
C1COCCO1,"1,4-DIOXANE",,,,,,,,,,
O=C1CSCCO1,"1,4-OXATHIAN-2-ONE",19.93224383,46.14591403,,,,,,,,
O=S1CCOCC1,"1,4-OXATHIANE, 4-OXIDE",4.465299412,5.201803156,6.242819338,7.033731049,9.221624133,13.64331251,27.2061185,,,
OCCCCCO,"1,5-PENTANEDIOL",0.450704335,0.457807609,0.465107838,0.466430258,0.474378118,0.483065016,0.492562195,0.502952403,0.514332096,0.526814145
C=CCCCC=C,"1,6-HEPTADIENE",,,,,,,,,,
OCCCCCCO,"1,6-HEXANEDIOL",0.484643493,0.499006006,0.514394546,0.523453191,0.541377311,0.561411656,0.58388781,0.609216151,0.63790013,0.670566599
SCCCCCCS,"1,6-HEXANEDITHIOL",,,,,,,,,,
OCCCCCCCCCO,"1,9-NONANEDIOL",0.94627064,1.007529354,1.076734438,1.13187643,1.220194404,1.32343101,1.444696472,1.587805388,1.757401705,1.95915429
CCCCOCCOCCOCCOCCCC(C)(C)C,"1-[2-[2-(2-butoxyethoxy)ethoxy]ethoxy]-4,4-dimethylpentane",,,,,,,,,,
CCCCCCCCCC(=O)CCCCCCCCC,10-NONADECANONE,,,,,,,,,,
COC(=O)N1CC1,"1-AZIRIDINECARBOXYLIC ACID, METHYL ESTER",,,,,,,,,,
CCCCO,1-BUTANOL,1.661507024,1.721804097,1.787115947,1.814827716,1.892031546,1.980682828,2.083232909,2.202909675,2.344067114,2.512694759
CCC(C)CO,"1-BUTANOL, 2-METHYL",0.994495172,1.032318725,1.072938926,1.09744452,1.144657789,1.197316575,1.256202209,1.32223805,1.396522743,1.48036306
CC(C)CCO,"1-BUTANOL, 3-METHYL",0.940584522,0.987591529,1.039705481,1.079192955,1.14380684,1.218252891,1.304600785,1.405511262,1.524426115,1.665883482
CCCC(=O)c1ccccc1,"1-BUTANONE, 1-PHENYL",,,,,,,,,,
C=CCC,1-BUTENE,,,,,,,,,,
C=C(C)CC,"1-BUTENE, 2-METHYL",,,,,,,,,,
O=CC1=CCCCC1,1-CYCLOHEXENE-1-CARBOXALDEHYDE,,,,,,,,,,
N#CC1=CCCCC1,"1-CYCLOHEXENE-1-CARBOXYLIC ACID, NITRILE",,,,,,,,,,
CCCCCCCCCCO,1-DECANOL,26.57928738,69.82123264,,,,,,,,
C=CCCCCCCCC,1-DECENE,,,,,,,,,,
CCCCCCCCCCCCCCCCCCCCCCO,1-DOCOSANOL,9.721359768,24.4733205,,,,,,,,
CCCCCCCCCCCCO,1-DODECANOL,3.231455339,4.463115761,6.369072422,9.232869781,17.03636674,67.12462306,,,,
C=CCCCCCCCCCCCCCCCCCC,1-EICOSENE,,,,,,,,,,
CCCCCCCO,1-HEPTANOL,1.965693188,2.183220589,2.441820821,2.675078807,3.039565834,3.492648113,4.064697333,4.801380996,5.774957562,7.107311735
OCC(F)(F)C(F)(F)C(F)(F)C(F)(F)C(F)(F)C(F)(F)F,"1-HEPTANOL, 2,2,3,3,4,4,5,5,6,6,7,7,7-TRIDECAFLUORO",1.058445465,1.137414077,1.227918307,1.306797931,1.433835212,1.937880906,2.388444807,2.860649172,3.382050655,3.975983104
OCC(F)(F)C(F)(F)C(F)(F)C(F)(F)C(F)(F)C(F)F,"1-HEPTANOL, 2,2,3,3,4,4,5,5,6,6,7,7-DODECAFLUORO",1.421987113,1.527753187,1.646382656,1.73999907,1.887899577,2.058013199,2.507296494,2.98393322,3.484345743,4.025625659
C=CCCCCC,1-HEPTENE,,,,,,,,,,
C#CCCCCC,1-HEPTYNE,,,,,,,,,,
CCCCCCCCCCCCCCCCO,1-HEXADECANOL,,,,,,,,,,
C=CCCCCCCCCCCCCCC,1-HEXADECENE,,,,,,,,,,
CCCCCCO,1-HEXANOL,1.828432503,2.012057367,2.228408107,2.420070122,2.720345281,3.090291401,3.552704061,4.141118032,4.907137904,5.934720813
C=CCCCC,1-HEXENE,,,,,,,,,,
C#CCCCC,1-HEXYNE,,,,,,,,,,
O=Cc1cccc2ccccc12,1-NAPHTHALDEHYDE,,,,,,,,,,
CCCCCCCCCO,1-NONANOL,4.370201827,5.458136377,6.912258572,8.535622936,11.52763033,16.83153748,28.89568754,83.84654696,,
C=CCCCCCCC,1-NONENE,,,,,,,,,,
CCCCCCCCCCCCCCCCCCO,1-OCTADECANOL,1.471034217,2.360745485,3.832722479,5.664595825,9.735635612,22.66692086,,,,
C=CCCCCCCCCCCCCCCCC,1-OCTADECENE,,,,,,,,,,
CCCCCCCCO,1-OCTANOL,2.283010159,2.661296184,3.359372686,4.07522344,5.222557439,6.795671261,9.13767296,13.05507622,21.04039885,46.58636004
C=CCCCCCC,1-OCTENE,,,,,,,,,,
C#CCCCCCC,1-OCTYNE,,,,,,,,,,
CCCCCO,1-PENTANOL,1.831452629,1.951244866,2.088177372,2.188350904,2.368446419,2.586477449,2.854825079,3.191829363,3.625856132,4.203148258
OCC(F)(F)C(F)(F)C(F)(F)C(F)(F)F,"1-PENTANOL, 2,2,3,3,4,4,5,5,5-NONAFLUORO",0.764211165,0.805539015,0.851624073,0.88969829,0.947515099,1.014160824,1.091414082,1.181493035,1.287185538,1.412020668
OCC(F)(F)C(F)(F)C(F)(F)C(F)F,"1-PENTANOL, 2,2,3,3,4,4,5,5-OCTAFLUORO",1.112266446,1.179866446,1.255856856,1.317832625,1.414561403,1.527423106,1.660112154,1.817447734,2.005807789,2.233820613
C=CCCC,1-PENTENE,,,,,,,,,,
C=C(C)CCC,"1-PENTENE, 2-METHYL",,,,,,,,,,
O=S1(=O)CCCO1,"1-PROPANESULFONIC ACID, 3-HYDROXY, GAMMA-SULTONE",,,,,,,,,,
CCCO,1-PROPANOL,1.602451642,1.682126278,1.768042124,1.812526702,1.911874987,2.023346275,2.148649681,2.289791245,2.449113814,2.629386724
OCC(F)(F)C(F)F,"1-PROPANOL, 2,2,3,3-TETRAFLUORO",0.845337097,0.877034191,0.911028825,0.931350507,0.970724605,1.01454112,1.063395504,1.117977597,1.179086793,1.247643552
CC(C)CO,"1-PROPANOL, 2-METHYL",0.990102223,1.054173087,1.126914058,1.187714682,1.282169873,1.393657399,1.526367789,1.685818995,1.879378941,2.117070571
CCC(=O)c1ccccc1,"1-PROPANONE, 1-PHENYL",,,,,,,,,,
COC(=O)n1cccc1,"1-PYRROLECARBOXYLIC ACID, METHYL ESTER",,,,,,,,,,
O=CN1CCCC1,1-PYRROLIDINECARBOXALDEHYDE,,,,,,,,,,
COC(=O)N1CCCC1,"1-PYRROLIDINECARBOXYLIC ACID, METHYL ESTER",,,,,,,,,,
CCCCCCCCCCCCCCO,1-TETRADECANOL,7.563611835,11.74811863,20.579568,39.99788335,,,,,,
CC(=O)C(C)=O,"2,3-BUTANEDIONE",,,,,,,,,,
CCCCCCCCCCCCCCCC(=O)OCC(O)CO,"2,3-dihydroxypropyl hexadecanoate",,,,,,,,,,
CCC(=O)CC(C)=O,"2,4-HEXANEDIONE",,,,,,,,,,
CC(=O)CC(C)=O,"2,4-PENTANEDIONE",,,,,,,,,,
O=S1(=O)CC=CC1,"2,5-dihydrothiophene 1,1-dioxide",,,,,,,,,,
CCOC(=O)c1ccc(C(=O)OCC)o1,"2,5-FURANDICARBOXYLIC ACID, DIETHYL ESTER",,,,,,,,,,
CC(=O)CCC(C)=O,"2,5-HEXANEDIONE",,,,,,,,,,
CC(=O)CCCC(C)=O,"2,6-HEPTANEDIONE",,,,,,,,,,
CC(=O)CCCCC(C)=O,"2,7-OCTANEDIONE",,,,,,,,,,
COCCOCCOCCOC(C)(C)C,2-[2-[2-(2-methoxyethoxy)ethoxy]ethoxy]-2-methylpropane,,,,,,,,,,
OCCN(CCO)CCN(CCO)CCO,2-[2-[bis(2-hydroxyethyl)amino]ethyl-(2-hydroxyethyl)amino]ethanol,1.067498386,1.081942983,1.09599416,1.109669364,1.122979264,1.135942723,1.148570391,1.160877516,1.819826489,2.305860115
CCC(C)O,2-BUTANOL,1.072993534,1.121769212,1.175319031,1.212025712,1.277083566,1.351486408,1.437096583,1.536281701,1.652094158,1.788521011
CCC(O)C[N+](=O)[O-],"2-BUTANOL, 1-NITRO",1.375752411,1.446434435,1.523667479,1.576169513,1.668525309,1.773025297,1.891691531,2.026987985,2.181919699,2.360209135
CCC(C)(C)O,"2-BUTANOL, 2-METHYL",1.321187716,1.365210624,1.411619056,1.43220767,1.484272046,1.541643882,1.604946774,1.674903006,1.752350335,1.8382655
CC(O)C(C)(C)[N+](=O)[O-],"2-BUTANOL, 3-METHYL, 3-NITRO",2.345950172,2.756872699,3.356014131,4.102216969,5.700347734,9.507534659,30.02975684,,,
CC(O)C(C)[N+](=O)[O-],"2-BUTANOL, 3-NITRO",1.286830432,1.392285533,1.51550028,1.627193907,1.797608925,2.006712193,2.267340009,2.598347647,3.028550956,3.604310574
CCC(C)=O,2-BUTANONE,,,,,,,,,,
CC(=O)CCc1ccccc1,"2-BUTANONE, 4-PHENYL",,,,,,,,,,
C/C=C\C,2-BUTENE(CIS),,,,,,,,,,
C/C=C/C,2-BUTENE(TRANS),,,,,,,,,,
OC/C=C/CO,"2-BUTENE, 1,4-DIOL",9999.999762,9999.999764,9999.9997,0.714228507,0.727316529,0.741472442,0.756761681,0.773255789,0.791032578,0.810177931
CC=C(C)C,"2-BUTENE, 2-METHYL",,,,,,,,,,
CCCCOCCO,2-butoxyethanol,1.516061248,1.583555786,1.655680245,1.69695089,1.77945514,1.870803443,1.972073017,2.084509136,2.209544236,2.348842779
OCC#CCO,"2-BUTYNE, 1,4-DIOL",0.754326872,0.766432429,0.778459493,0.777655059,0.790044748,0.803255348,0.817302911,0.832203908,0.847973784,0.864629425
COC(=O)C#CC(=O)OC,"2-BUTYNEDIOIC ACID, DIMETHYL ESTER",,,,,,,,,,
CC1=CC(=O)CC(C)(C)C1,"2-CYCLOHEXEN-1-ONE, 3,5,5-TRIMETHYL",,,,,,,,,,
CCCCCCCCCCC(C)=O,2-DODECANONE,,,,,,,,,,
C=CC1CCCS1(=O)=O,"2-ethenylthiolane 1,1-dioxide",,,,,,,,,,
COC(=O)c1ccco1,"2-FURANCARBOXYLIC ACID, METHYL ESTER",,,,,,,,,,
N#Cc1ccco1,"2-FURANCARBOXYLIC ACID, NITRILE",,,,,,,,,,
COC(=O)C1CCCO1,"2-FURANCARBOXYLIC ACID, TETRAHYDRO, METHYL ESTER",,,,,,,,,,
CCCCCC(C)=O,2-HEPTANONE,,,,,,,,,,
CCCCC(O)C[N+](=O)[O-],"2-HEXANOL, 1-NITRO",5.403435051,6.492169209,7.757116471,8.570658358,10.27555999,12.47352193,15.43075417,19.64093633,26.13724574,37.51016353
CN1CCN(C)C1=O,"2-IMIDAZOLIDINONE, 1,3-DIMETHYL",,,,,,,,,,
CC1CCCS1(=O)=O,2-Methylsulfolane,,,,,,,,,,
CCCCCCCC(C)=O,2-NONANONE,,,,,,,,,,
CCCCOC(=O)COC(=O)c1ccccc1C(=O)OCCCC,"2-O-(2-butoxy-2-oxoethyl) 1-O-butyl benzene-1,2-dicarboxylate",,,,,,,,,,
CCCCCCC(C)O,2-OCTANOL,4.165711098,4.924022949,5.983177082,7.201849915,10.10781625,15.68435064,30.27132696,172.4025574,,
CCCCCCC(C)=O,2-OCTANONE,,,,,,,,,,
CCN1CCOC1=O,"2-OXAZOLIDINONE, 3-ETHYL",,,,,,,,,,
CN1CCOC1=O,"2-OXAZOLIDINONE, 3-METHYL",,,,,,,,,,
O=C1OCCN1CCO,"2-OXAZOLIDONE, N-HYDROXYETHYL",9999.999767,9999.999763,9999.999762,9999.999761,9999.999761,9999.999761,9999.999761,9999.99976,9999.99976,9999.99976
CCCC(C)O,2-PENTANOL,1.063879766,1.098896983,1.136448585,1.156044237,1.19973502,1.248827483,1.304223417,1.367046057,1.438695379,1.520952168
CCCC(O)C[N+](=O)[O-],"2-PENTANOL, 1-NITRO",1.696746967,1.789509008,1.891798873,1.953479479,2.077533803,2.220591258,2.38662048,2.580723656,2.809561713,3.081970935
CCCC(C)=O,2-PENTANONE,,,,,,,,,,
CC(=O)CC(C)C,"2-PENTANONE, 4-METHYL",,,,,,,,,,
CN1CCCCC1=O,"2-PIPERIDONE, 1-METHYL",6.963253305,13.31818171,,,,,,,,
CC(C)OCCO,2-propan-2-yloxyethanol,1.353196268,1.399567531,1.449242453,1.468856796,1.526299039,1.591320622,1.665272534,1.749873829,1.847309147,1.960412371
CC(C)O,2-PROPANOL,0.837198956,0.87739523,0.921578807,0.95394315,1.007623746,1.068683139,1.138418628,1.218395528,1.310513743,1.417082451
OC(C(F)(F)F)C(F)(F)F,"2-PROPANOL, 1,1,1,3,3,3-HEXAFLUORO",0.531129463,0.553700413,0.57869263,0.598653618,0.62978666,0.665645479,0.707294138,0.756126422,0.814006177,0.883481267
OC(CCl)CCl,"2-PROPANOL, 1,3-DICHLORO",1.015538451,1.045532339,1.077375122,1.089577606,1.125905404,1.166594526,1.212330415,1.263954856,1.322511702,1.389309738
CC(CO)[N+](=O)[O-],"2-PROPANOL, 1-NITRO",0.88134079,0.935029936,0.995364336,1.047770663,1.124633337,1.21378432,1.317809878,1.43998212,1.584490449,1.756755843
CC(C)(C)O,"2-PROPANOL, 2-METHYL",1.302256913,1.346573006,1.394519835,1.416909408,1.473640787,1.538535458,1.6132849,1.700126951,1.802038886,1.923099853
CC(C)(O)c1ccccc1,"2-PROPANOL, 2-PHENYL",275.453315,,,,,,,,,
CC(C)=O,2-PROPANONE,,,,,,,,,,
CC(=O)CBr,"2-PROPANONE, 1-BROMO",,,,,,,,,,
CC(=O)CC1CCCCC1,"2-PROPANONE, 1-CYCLOHEXYL",,,,,,,,,,
CC(=O)CO,"2-PROPANONE, 1-HYDROXY",1.399493887,1.403251584,1.40558134,1.374422995,1.376211467,1.378852006,1.382291856,1.386484412,1.39138827,1.396966436
CC(=O)C[N+](=O)[O-],"2-PROPANONE, 1-NITRO",,,,,,,,,,
CC(=O)Cc1ccccc1,"2-PROPANONE, PHENYL",,,,,,,,,,
C=CCO,2-PROPEN-1-OL,2.306604095,2.512868336,2.744530261,2.911881968,3.197741057,3.527430437,3.908849611,4.351836951,4.868890258,5.476195977
CCCOCCO,2-propoxyethanol,1.2997761,1.350722929,1.405876076,1.437959786,1.503140699,1.57690297,1.660797679,1.756771342,1.867295645,1.995555385
O=C1CCCN1,2-PYRROLIDINONE,1.728897594,1.810473374,1.901117833,1.937399531,2.048771067,2.181612647,2.342399652,2.540596083,2.790629039,3.115623212
CCCCCCCCN1CCCC1=O,"2-PYRROLIDINONE, 1-OCTYL",,,,,,,,,,
CC1CCC(=O)N1C,"2-PYRROLIDONE, 1,5-DIMETHYL",,,,,,,,,,
CCN1CCCC1=O,"2-PYRROLIDONE, 1-ETHYL",,,,,,,,,,
CN1CCCC1=O,"2-PYRROLIDONE, 1-METHYL",14.74578753,,,,,,,,,
O=Cc1cccs1,2-THIOPHENECARBOXALDEHYDE,,,,,,,,,,
CCOC(=O)c1cocc1C(=O)OCC,"3,4-FURANDICARBOXYLIC ACID, DIETHYL ESTER",,,,,,,,,,
CC1=CC2CC(C1)C2(C)C,"3,6,6-trimethylbicyclo[3.1.1]hept-2-ene",,,,,,,,,,
C=C(C)CCO,"3-BUTEN-1-OL, 3-METHYL",2.138793595,2.292172769,2.464049604,2.587788824,2.802411729,3.052439778,3.345873103,3.693230509,4.108655456,4.611627391
C=CC(C)(C)O,"3-BUTEN-2-OL, 2-METHYL",1.951840798,2.000476456,2.050385415,2.054479119,2.108148317,2.166967223,2.231445053,2.302169622,2.37983232,2.465230202
O=C1CC=CO1,"3-BUTENOIC ACID, 4-HYDROXY, GAMMA-LACTONE",,,,,,,,,,
CC(=O)C1CC=CCC1,"3-CYCLOHEXENE, 1-ACETYL",,,,,,,,,,
O=CC1CC=CCC1,3-CYCLOHEXENE-1-CARBOXALDEHYDE,,,,,,,,,,
COC(=O)C1CC=CCC1,"3-CYCLOHEXENE-1-CARBOXYLIC ACID, METHYL ESTER",,,,,,,,,,
N#CC1CC=CCC1,"3-CYCLOHEXENE-1-CARBOXYLIC ACID, NITRILE",,,,,,,,,,
CCCCCCCCCCOC1CCS(=O)(=O)C1,"3-decoxythiolane 1,1-dioxide",,,,,,,,,,
COC(=O)c1ccoc1,"3-FURANCARBOXYLIC ACID, METHYL ESTER",,,,,,,,,,
N#Cc1ccoc1,"3-FURANCARBOXYLIC ACID, NITRILE",,,,,,,,,,
COC(=O)C1CCOC1,"3-FURANCARBOXYLIC ACID, TETRAHYDRO, METHYL ESTER",,,,,,,,,,
O=Cc1ccoc1,3-FURFURAL,,,,,,,,,,
CCCCC(=O)CC,3-HEPTANONE,,,,,,,,,,
O=CN1CCOC1,3-OXAZOLIDINECARBOXALDEHYDE,,,,,,,,,,
COC(=O)N1CCOC1,"3-OXAZOLIDINECARBOXYLIC ACID, METHYL ESTER",29.58837949,,,,,,,,,
CCC(O)CC,3-PENTANOL,1.127793046,1.159272764,1.192398139,1.205309483,1.242524115,1.283690663,1.329320097,1.380013823,1.436497884,1.499637685
CCC(O)C(C)(C)[N+](=O)[O-],"3-PENTANOL, 2-METHYL, 2-NITRO",4.246144278,5.319590403,8.129013752,12.63933597,30.24791382,,,,,
CCC(=O)CC,3-PENTANONE,,,,,,,,,,
COC(=O)c1c(C)noc1C,"4-ISOXAZOLECARBOXYLIC ACID, 3,5-DIMETHYL, METHYL ESTER",,,,,,,,,,
O=CN1CCOCC1,4-MORPHOLINECARBOXALDEHYDE,9.460255174,11.69864671,15.51390421,17.99268922,31.37564432,175.7533298,,,,
COC(=O)N1CCOCC1,"4-MORPHOLINECARBOXYLIC ACID, METHYL ESTER",,,,,,,,,,
CCCCC(CC)CCC(C)(CC(CC)CCCC)C(N)=O,5-ethyl-2-(2-ethylhexyl)-2-methylnonanamide,,,,,,,,,,
c1ccc2c(c1)ccc1cccnc12,"7,8-BENZOQUINOLINE",,,,,,,,,,
O=C1c2cc([N+](=O)[O-])ccc2-c2c1cc([N+](=O)[O-])cc2[N+](=O)[O-],"9-FLUORENONE, 2,4,7-TRINITRO",23.02611411,24.93478402,26.73786667,24.71129388,26.27505012,27.96824374,29.80590366,31.80578903,33.9889575,36.38050264
CCCCCCCCC(=O)CCCCCCCC,9-HEPTADECANONE,,,,,,,,,,
CC(=O)O,ACETIC ACID,1.33100541,1.3595877,1.388779769,1.389526245,1.420777468,1.454982355,1.492409242,1.533369934,1.578212997,1.627357376
CC(=O)COC(C)=O,"ACETIC ACID, 2-OXOPROPYL ESTER",,,,,,,,,,
CCN(CC)C(C)=O,"ACETIC ACID, AMIDE, N,N-DIETHYL",31.85668427,1969.312594,,,,,,,,
CC(=O)N(C)C,"ACETIC ACID, AMIDE, N,N-DIMETHYL",3.9743777,4.458073538,5.032757111,5.076146163,5.76373314,6.636590596,7.763198813,9.24777585,11.25776671,14.08201775
CCNC(C)=O,"ACETIC ACID, AMIDE, N-ETHYL",1.968599925,2.05961073,2.158170674,2.201412745,2.316696362,2.448184578,2.598950595,2.772887577,2.9749904,3.211762563
CC(=O)NC(C)C,"ACETIC ACID, AMIDE, N-ISOPROPYL",1.853255496,1.901754896,1.950395345,1.943312901,1.993491284,2.047751,2.106301187,2.16938021,2.237235055,2.310141828
CNC(C)=O,"ACETIC ACID, AMIDE, N-METHYL",1.767956585,1.781099575,1.793095984,1.757236126,1.768287654,1.781436646,1.796844463,1.814714049,1.835296611,1.858912291
CC(=O)Nc1ccccc1,"ACETIC ACID, AMIDE, N-PHENYL",,,,,,,,,,
CC(=O)OCc1ccccc1,"ACETIC ACID, BENZYL ESTER",,,,,,,,,,
CCOC(=O)CBr,"ACETIC ACID, BROMO, ETHYL ESTER",,,,,,,,,,
CCCCOC(C)=O,"ACETIC ACID, BUTYL ESTER",,,,,,,,,,
N#CCCl,"ACETIC ACID, CHLORO, NITRILE",,,,,,,,,,
O=C(O)C(Cl)Cl,"ACETIC ACID, DICHLORO",1.280987511,1.419366573,1.590488814,1.771113932,2.045099985,2.415299374,2.937685189,3.720590873,5.00447002,7.451802423
O=C(OCC[N+](=O)[O-])C(F)F,"ACETIC ACID, DIFLUORO, 2-NITROETHYL ESTER",,,,,,,,,,
CCOC(C)=O,"ACETIC ACID, ETHYL ESTER",,,,,,,,,,
CCCCCCOC(C)=O,"ACETIC ACID, HEXYL ESTER",,,,,,,,,,
COC(=O)CNCC(=O)OC,"ACETIC ACID, IMINODI, DIMETHYL ESTER",14.71641277,18.32885495,24.4756583,23.72904415,36.95446627,98.32163112,,,,
COC(=O)CN(C)CC(=O)OC,"ACETIC ACID, IMINODI, N-METHYL, DIMETHYL ESTER",,,,,,,,,,
COCC#N,"ACETIC ACID, METHOXY, NITRILE",,,,,,,,,,
COC(C)=O,"ACETIC ACID, METHYL ESTER",,,,,,,,,,
CC#N,"ACETIC ACID, NITRILE",,,,,,,,,,
COC(=O)COCC(=O)OC,"ACETIC ACID, OXYDI, DIMETHYL ESTER",,,,,,,,,,
CC(=O)Oc1ccccc1,"ACETIC ACID, PHENYL ESTER",,,,,,,,,,
N#CCc1ccccc1,"ACETIC ACID, PHENYL, NITRILE",,,,,,,,,,
CCCOC(C)=O,"ACETIC ACID, PROPYL ESTER",,,,,,,,,,
CC(=O)c1ccccc1,ACETOPHENONE,,,,,,,,,,
CC(=O)c1c(F)c(F)c(F)c(F)c1F,"ACETOPHENONE, 2',3',4',5',6'-PENTAFLUORO",,,,,,,,,,
O=C(c1c(F)c(F)c(F)c(F)c1F)C(F)(F)F,"ACETOPHENONE, OCTAFLUORO",,,,,,,,,,
O=C(OCC[N+](=O)[O-])C(F)(F)F,"ACTIC ACID, TRIFLUORO, 2-NITROETHYL ESTER",,,,,,,,,,
CC1=CCC2CC1C2(C)C,ALPHA-PINENE,,,,,,,,,,
CCNCC,"AMINE, DIETHYL",,,,,,,,,,
CCN(CC)N=O,"AMINE, DIETHYL, N-NITROSO",,,,,,,,,,
OCCNCCO,"AMINE, DIETHYL-2,2'-DIHYDROXY",0.444288428,0.4451987,0.445901427,0.440870199,0.441430331,0.442166573,0.443074979,0.444159375,0.445414629,0.446846677
CC(C)NC(C)C,"AMINE, DIISOPROPYL",,,,,,,,,,
CNC,"AMINE, DIMETHYL",,,,,,,,,,
CCN(C)C,"AMINE, DIMETHYL ETHYL",,,,,,,,,,
c1ccc(Nc2ccccc2)cc1,"AMINE, DIPHENYL",32.21588889,38.01269489,45.07390686,35.17380386,40.75967204,48.72363441,60.86445197,81.44075594,123.5443149,256.6155091
CCCNCCC,"AMINE, DIPROPYL",,,,,,,,,,
CCCCCCCCCCCCN,"AMINE, DODECYL",,,,,,,,,,
CCCCN(CCCC)CCCC,"AMINE, TRIBUTYL",,,,,,,,,,
FC(F)(F)C(F)(F)C(F)(F)C(F)(F)N(C(F)(F)C(F)(F)C(F)(F)C(F)(F)F)C(F)(F)C(F)(F)C(F)(F)C(F)(F)F,"AMINE, TRIBUTYL, PERFLUORO",1.221763813,1.323107731,1.942372356,2.856862745,4.989817558,7.567663523,11.33423461,17.68666125,31.05284085,78.44664713
CCN(CC)CC,"AMINE, TRIETHYL",,,,,,,,,,
OCCN(CCO)CCO,"AMINE, TRIETHYL, 2,2',2''-TRIHYDROXY",0.394973721,0.394547744,0.393902232,0.388248242,0.387402289,0.386655232,0.386005289,0.385451738,0.384986116,0.384608378
CCCCCCN(CCCCCC)CCCCCC,"AMINE, TRIHEXYL",,,,,,,,,,
CCCCCCCCN(CCCCCCCC)CCCCCCCC,"AMINE, TRIOCTYL",,,,,,,,,,
CCCCCN(CCCCC)CCCCC,"AMINE, TRIPENTYL",,,,,,,,,,
Nc1ccccc1,ANILINE,77.97886437,,,,,,,,,
Nc1c(F)c(F)c(F)c(F)c1F,"ANILINE, 2,3,4,5,6-PENTAFLUORO",,,,,,,,,,
Nc1c(F)cc(F)c(F)c1F,"ANILINE, 2,3,4,6-TETRAFLUORO",,,,,,,,,,
Nc1ccc(F)cc1F,"ANILINE, 2,4-DIFLUORO",,,,,,,,,,
Nc1cc(C(F)(F)F)ccc1C(F)(F)F,"ANILINE, 2,5-BIS(TRIFLUOROMETHYL)",,,,,,,,,,
Nc1ccccc1F,"ANILINE, 2-FLUORO",,,,,,,,,,
COc1ccccc1N,"ANILINE, 2-METHOXY",,,,,,,,,,
Nc1cccc(C(F)F)c1,"ANILINE, 3-(DIFLUOROMETHYL)",14.41165043,16.57061002,19.22137972,18.89788002,22.16898531,26.74993252,33.59092792,44.85916779,66.80388142,127.9173802
Nc1cccc(C(F)(F)F)c1,"ANILINE, 3-(TRIFLUOROMETHYL)",8.239527201,14.73669106,59.82085308,,,,,,,
Nc1ccc(SC(F)F)cc1,"ANILINE, 4-[(DIFLUOROMETHYL)THIO]",65.32560663,83.16826015,108.0294855,61.49691533,73.36726194,92.28909187,126.5033755,205.6297053,577.2422161,
CN(C)c1ccc(Br)cc1,"ANILINE, 4-BROMO, N,N-DIMETHYL",,,,,,,,,,
Nc1ccc(F)cc1,"ANILINE, 4-FLUORO",,,,,,,,,,
COc1ccc(N)cc1,"ANILINE, 4-METHOXY",,,,,,,,,,
CCCCN(CCCC)c1ccccc1,"ANILINE, N,N-DIBUTYL",,,,,,,,,,
CCN(CC)c1ccccc1,"ANILINE, N,N-DIETHYL",,,,,,,,,,
CN(C)c1ccccc1,"ANILINE, N,N-DIMETHYL",,,,,,,,,,
CN(C)c1cccc([N+](=O)[O-])c1,"ANILINE, N,N-DIMETHYL, 3-NITRO",,,,,,,,,,
CN(C)c1ccc(N=O)cc1,"ANILINE, N,N-DIMETHYL, 4-NITROSO",,,,,,,,,,
CCNc1ccccc1,"ANILINE, N-ETHYL",,,,,,,,,,
CNc1ccccc1,"ANILINE, N-METHYL",27.50174977,43.36758315,99.50239275,196.5883075,,,,,,
CC(=O)N1CC1,"AZIRIDINE, 1-ACETYL",188.4159236,,,,,,,,,
c1ccc(N=Nc2ccccc2)cc1,AZOBENZENE,,,,,,,,,,
Cc1ccc(N=Nc2ccc(OCc3ccc(Cl)cc3)c(C)c2)cc1,"AZOBENZENE, 3,4'-DIMETHYL-4-[(4-CHLOROBENZYL)OXY]",4.631769784,5.729373877,7.584956647,10.08245622,19.10935457,422.0668084,,,,
CCCCCCCOc1ccc(N=[N+]([O-])c2ccc(OCCCCCCC)cc2)cc1,"AZOXYBENZENE, 4,4'-DIHEPTOXY",1.477857407,1.5893816,1.725581481,2.540724849,3.588341387,4.970884845,7.026783943,10.53505333,18.05875005,46.38054055
CCCCCCOc1ccc(N=[N+]([O-])c2ccc(OCCCCCC)cc2)cc1,"AZOXYBENZENE, 4,4'-DIHEXOXY",2.239822779,2.496182156,2.92591648,4.479440974,7.092494473,11.9262902,24.90551151,201.3052604,,
O=Cc1ccccc1,BENZALDEHYDE,,,,,,,,,,
O=Cc1ccc([N+](=O)[O-])cc1[N+](=O)[O-],"BENZALDEHYDE, 2,4-DINITRO",,,,,,,,,,
O=Cc1cccc([N+](=O)[O-])c1,"BENZALDEHYDE, 3-NITRO",,,,,,,,,,
CN(C)c1ccc(C=O)cc1,"BENZALDEHYDE, 4(DIMETHYLAMINO)",,,,,,,,,,
c1ccccc1,BENZENE,,,,,,,,,,
O=[N+]([O-])c1cccc(OC(F)F)c1,"BENZENE, 1-(DIFLUOROMETHOXY), 3-NITRO",,,,,,,,,,
O=[N+]([O-])c1ccc(OC(F)F)cc1,"BENZENE, 1-(DIFLUOROMETHOXY), 4-NITRO",,,,,,,,,,
Clc1ccc(Cl)c(Cl)c1,"BENZENE, 1,2,4-TRICHLORO",,,,,,,,,,
O=C(Oc1ccccc1OC(=O)c1ccccc1)c1ccccc1,"BENZENE, 1,2-DIHYDROXY, DIBENZOATE",,,,,,,,,,
CCCC(=O)Oc1ccccc1OC(=O)CCC,"BENZENE, 1,2-DIHYDROXY, DIBUTYRATE",,,,,,,,,,
Cc1ccccc1C,"BENZENE, 1,2-DIMETHYL",,,,,,,,,,
c1ccc(-c2ccccc2-c2ccccc2)cc1,"BENZENE, 1,2-DIPHENYL",,,,,,,,,,
O=[N+]([O-])c1cc([N+](=O)[O-])cc([N+](=O)[O-])c1,"BENZENE, 1,3,5-TRINITRO",,,,,,,,,,
Nc1cccc(N)c1,"BENZENE, 1,3-DIAMINO",1.158683381,1.182311046,1.206711899,1.2020769,1.228635722,1.25860992,1.292528345,1.331053123,1.375024042,1.425538079
COc1cccc(OC)c1,"BENZENE, 1,3-DIMETHOXY",,,,,,,,,,
Cc1cccc(C)c1,"BENZENE, 1,3-DIMETHYL",,,,,,,,,,
COc1c([N+](=O)[O-])cc(C(F)(F)F)cc1[N+](=O)[O-],"BENZENE, 1,3-DINITRO, 2-METHOXY, 5-(TRIFLUOROMETHYL)",,,,,,,,,,
c1ccc(-c2cccc(-c3ccccc3)c2)cc1,"BENZENE, 1,3-DIPHENYL",,,,,,,,,,
Cc1ccc(C)cc1,"BENZENE, 1,4-DIMETHYL",,,,,,,,,,
O=[N+]([O-])c1ccccc1SC(F)F,"BENZENE, 1-[(DIFLUOROMETHYL)THIO], 2-NITRO",,,,,,,,,,
O=[N+]([O-])c1ccc(SC(F)F)cc1,"BENZENE, 1-[(DIFLUOROMETHYL)THIO], 4-NITRO",,,,,,,,,,
Nc1ccccc1S,"BENZENE, 1-AMINO, 2-MERCAPTO",17.06066463,23.82399751,39.8888598,60.66382928,,,,,,
Cc1cc(C)cc(N)c1,"BENZENE, 1-AMINO, 3,5-DIMETHYL",3.816333746,4.451113349,5.330071388,6.250867824,8.134630898,11.63475605,20.30397784,76.52254403,,
Fc1ccc(Br)cc1,"BENZENE, 1-BROMO, 4-FLUORO",,,,,,,,,,
COc1ccc(Br)cc1,"BENZENE, 1-BROMO, 4-METHOXY",,,,,,,,,,
O=[N+]([O-])c1ccc(Cl)c([N+](=O)[O-])c1,"BENZENE, 1-CHLORO, 2,4-DINITRO",,,,,,,,,,
O=[N+]([O-])c1ccccc1Cl,"BENZENE, 1-CHLORO-2-NITRO",,,,,,,,,,
CCc1ccccc1[N+](=O)[O-],"BENZENE, 1-ETHYL, 2-NITRO",,,,,,,,,,
CCc1ccc([N+](=O)[O-])cc1,"BENZENE, 1-ETHYL, 4-NITRO",,,,,,,,,,
O=[N+]([O-])c1ccc(F)c([N+](=O)[O-])c1,"BENZENE, 1-FLUORO, 2,4-DINITRO",,,,,,,,,,
COc1ccccc1F,"BENZENE, 1-FLUORO, 2-METHOXY",,,,,,,,,,
O=[N+]([O-])c1ccccc1F,"BENZENE, 1-FLUORO, 2-NITRO",,,,,,,,,,
O=[N+]([O-])c1cccc(F)c1,"BENZENE, 1-FLUORO, 3-NITRO",,,,,,,,,,
O=[N+]([O-])c1ccc(F)cc1,"BENZENE, 1-FLUORO, 4-NITRO",,,,,,,,,,
COc1ccc(C(F)(F)F)cc1[N+](=O)[O-],"BENZENE, 1-METHOXY, 2-NITRO, 4-(TRIFLUOROMETHYL)",,,,,,,,,,
COc1cccc([N+](=O)[O-])c1,"BENZENE, 1-METHOXY, 3-NITRO",,,,,,,,,,
Cc1ccccc1[N+](=O)[O-],"BENZENE, 1-METHYL-2-NITRO",,,,,,,,,,
Cc1ccc([N+](=O)[O-])cc1,"BENZENE, 1-METHYL-4-NITRO",,,,,,,,,,
O=[N+]([O-])c1cccc(SC(F)(F)F)c1,"BENZENE, 1-NITRO, 3-[ (TRIFLUOROMETHYL) THIO]",,,,,,,,,,
O=[N+]([O-])c1ccc(SC(F)(F)F)cc1,"BENZENE, 1-NITRO, 4-[ (TRIFLUOROMETHYL) THIO]",,,,,,,,,,
O=[N+]([O-])c1ccc(F)cc1F,"BENZENE, 2,4-DIFLUORO, 1-NITRO",,,,,,,,,,
CCc1c([N+](=O)[O-])cc([N+](=O)[O-])cc1[N+](=O)[O-],"BENZENE, 2-ETHYL, 1,3,5-TRINITRO",,,,,,,,,,
Cc1cc(C)c([N+](=O)[O-])c(C)c1,"BENZENE, 2-NITRO, 1,3,5-TRIMETHYL",,,,,,,,,,
O=[N+]([O-])c1cc(C(F)(F)F)ccc1C(F)(F)F,"BENZENE, 2-NITRO, 1,4-BIS(TRIFLUOROMETHYL)",,,,,,,,,,
O=[N+]([O-])c1c(F)ccc(F)c1F,"BENZENE, 3-NITRO, 1,2,4-TRIFLUORO",,,,,,,,,,
COc1ccc(F)cc1[N+](=O)[O-],"BENZENE, 4-FLUORO, 1-METHOXY, 2-NITRO",,,,,,,,,,
O=[N+]([O-])c1c(F)cc(F)c(F)c1F,"BENZENE, 4-NITRO, 1,2,3,5-TETRAFLUORO",,,,,,,,,,
Brc1ccccc1,"BENZENE, BROMO",,,,,,,,,,
Clc1ccccc1,"BENZENE, CHLORO",,,,,,,,,,
ClCc1ccccc1,"BENZENE, CHLOROMETHYL",,,,,,,,,,
c1ccc(C2CCCCC2)cc1,"BENZENE, CYCLOHEXYL",,,,,,,,,,
CCOc1ccccc1,"BENZENE, ETHOXY",,,,,,,,,,
CCOc1c(F)c(F)c(F)c(F)c1F,"BENZENE, ETHOXY, 2,3,4,5,6-PENTAFLUORO",,,,,,,,,,
CCc1ccccc1,"BENZENE, ETHYL",,,,,,,,,,
Fc1ccccc1,"BENZENE, FLUORO",,,,,,,,,,
CCCCCCc1ccccc1,"BENZENE, HEXYL",,,,,,,,,,
Ic1ccccc1,"BENZENE, IODO",,,,,,,,,,
CC(C)c1ccccc1,"BENZENE, ISOPROPYL",,,,,,,,,,
COc1ccccc1,"BENZENE, METHOXY",,,,,,,,,,
COc1c(F)c(F)c(F)c(F)c1F,"BENZENE, METHOXY, 2,3,4,5,6-PENTAFLUORO",,,,,,,,,,
O=[N+]([O-])c1ccccc1,"BENZENE, NITRO",,,,,,,,,,
O=[N+]([O-])c1c(F)c(F)c(F)c(F)c1F,"BENZENE, NITRO, 2,3,4,5,6-PENTAFLUORO",,,,,,,,,,
CCCCCCCCCCCCCCCCCCc1ccccc1,"BENZENE, OCTADECYL",,,,,,,,,,
CCCCCCCCc1ccccc1,"BENZENE, OCTYL",,,,,,,,,,
Fc1c(F)c(F)c(F)c(F)c1F,"BENZENE, PERFLUORO",,,,,,,,,,
FC(F)(F)c1ccccc1,"BENZENE, TRIFLUOROMETHYL",,,,,,,,,,
CC(C)NS(=O)(=O)c1ccccc1,"BENZENESULFONIC ACID, N-ISOPROPYL, AMIDE",,,,,,,,,,
O=S(=O)(Oc1ccccc1)C(F)(F)F,"BENZENESULFONIC ACID, TRIFLUOROMETHYL ESTER",,,,,,,,,,
COC(=O)c1ccccc1O,"BENZOIC ACID, 2-HYDROXY-, METHYL ESTER",,,,,,,,,,
CCCCNC(=O)c1ccccc1,"BENZOIC ACID, AMIDE, N-BUTYL",33.56833776,55.34497617,130.7163104,660.4540499,,,,,,
CCCCCNC(=O)c1ccccc1,"BENZOIC ACID, AMIDE, N-PENTYL",11.77058216,15.55094994,21.75878046,29.88486641,55.42329046,261.7427311,,,,
CCOC(=O)c1ccccc1,"BENZOIC ACID, ETHYL ESTER",,,,,,,,,,
COC(=O)c1ccccc1,"BENZOIC ACID, METHYL ESTER",,,,,,,,,,
N#Cc1ccccc1,"BENZOIC ACID, NITRILE",,,,,,,,,,
N#Cc1c(F)c(F)c(F)c(F)c1F,"BENZOIC ACID, PENTAFLUORO, NITRILE",,,,,,,,,,
N#Cc1cccc(C(F)(F)F)c1,"BENZONITRILE, 3-(TRIFLUOROMETHYL)",,,,,,,,,,
O=C(c1ccccc1)c1ccccc1,BENZOPHENONE,,,,,,,,,,
OCc1ccccc1,BENZYL ALCOHOL,1.705266239,1.815873593,1.936645771,2.017844228,2.160179187,2.319685855,2.498498637,2.699044453,2.924098201,3.17685583
C=C1CCC2CC1C2(C)C,BETA-PINENE,,,,,,,,,,
C1CCC(C2CCCCC2)CC1,BICYCLOHEXYL,,,,,,,,,,
c1ccc(-c2ccccc2)cc1,BIPHENYL,,,,,,,,,,
Cc1ccc(-c2ccc(C)cc2)cc1,"BIPHENYL, 4,4'-DIMETHYL",,,,,,,,,,
CCCCCCCOc1ccc(-c2ccc(C#N)cc2)cc1,"BIPHENYL, 4-CARBONITRILE, 4'-(HEPTYLOXY)",,,,,,,,,,
CCCCCCOc1ccc(-c2ccc(C#N)cc2)cc1,"BIPHENYL, 4-CARBONITRILE, 4'-(HEXYLOXY)",,,,,,,,,,
CCCCCCCCOc1ccc(-c2ccc(C#N)cc2)cc1,"BIPHENYL, 4-CARBONITRILE, 4'-(OCTYLOXY)",,,,,,,,,,
CCCCCOc1ccc(-c2ccc(C#N)cc2)cc1,"BIPHENYL, 4-CARBONITRILE, 4'-(PENTYLOXY)",,,,,,,,,,
c1ccc(Cc2ccccc2-c2ccccc2)cc1,"BIPHENYL, BENZYL",,,,,,,,,,
CCCC=O,BUTANAL,,,,,,,,,,
CCCCN(CCCC)C(=O)C(C)(C)CC,"BUTANAMIDE, N,N-DIBUTYL, 2,2-DIMETHYL",,,,,,,,,,
CCCC,BUTANE,,,,,,,,,,
FCC(F)(F)C(F)(F)C(F)(F)F,"BUTANE, 1,1,1,2,2,3,3,4-OCTAFLUORO",,,,,,,,,,
C1CCC(CCCCC2CCCC2)C1,"BUTANE, 1,4-DICYCLOPENTYL",,,,,,,,,,
CCCCN,"BUTANE, 1-AMINO",,,,,,,,,,
CCCCCl,"BUTANE, 1-CHLORO",,,,,,,,,,
CC(C)C(C)(C)C,"BUTANE, 2,2,3-TRIMETHYL",,,,,,,,,,
CCC(C)(C)C,"BUTANE, 2,2-DIMETHYL",,,,,,,,,,
CC(C)C(C)C,"BUTANE, 2,3-DIMETHYL",,,,,,,,,,
CCC(C)C,"BUTANE, 2-METHYL",,,,,,,,,,
CC(=O)C1CCOC1=O,"BUTANOIC ACID, 2-ACETYL, 4-HYDROXY, GAMMA-LACTONE",,,,,,,,,,
O=C1OCCC1Br,"BUTANOIC ACID, 2-BROMO, 4-HYDROXY, GAMMA-LACTONE",,,,,,,,,,
COC(=O)CC(C)=O,"BUTANOIC ACID, 3-OXO-, METHYL ESTER",,,,,,,,,,
CC(=O)CC#N,"BUTANOIC ACID, 3-OXO, NITRILE",,,,,,,,,,
O=C1CCCO1,"BUTANOIC ACID, 4-HYDROXY, LACTONE",,,,,,,,,,
CCCC(=O)OCC,"BUTANOIC ACID, ETHYL ESTER",,,,,,,,,,
CCCC#N,"BUTANOIC ACID, NITRILE",,,,,,,,,,
COC(=O)N(C)C,"CARBAMIC ACID, N,N-DIMETHYL, METHYL ESTER",,,,,,,,,,
S=C=S,CARBON DISULFIDE,,,,,,,,,,
COC(=O)OC,"CARBONIC ACID, DIMETHYL ESTER",,,,,,,,,,
CCCCOC(=O)CC(CC(=O)OCCCC)(OC(C)=O)C(=O)OCCCC,"CITRIC ACID, TRIBUTYL ESTER.ACETATE",,,,,,,,,,
OC1CCCCCC1,CYCLOHEPTANOL,1.473280752,1.586961233,1.716911235,1.822727296,1.992281367,2.193565503,2.434489843,2.725574969,3.081114125,3.521045944
C1CCCCC1,CYCLOHEXANE,,,,,,,,,,
C=C(C)C1CCCC(C)C1,"CYCLOHEXANE, 1-METHYL-3-(1-METHYLETHENYL)",,,,,,,,,,
CC(=O)C1=CCCCC1,"CYCLOHEXANE, ACETYL",,,,,,,,,,
NC1CCCCC1,"CYCLOHEXANE, AMINO",134.151089,,,,,,,,,
BrC1CCCCC1,"CYCLOHEXANE, BROMO",,,,,,,,,,
CCCCC1CCCCC1,"CYCLOHEXANE, BUTYL",,,,,,,,,,
ClC1CCCCC1,"CYCLOHEXANE, CHLORO",,,,,,,,,,
N#CC1CCCCC1,"CYCLOHEXANE, CYANO",,,,,,,,,,
CCCCCCCCCCC1CCCCC1,"CYCLOHEXANE, DECYL",,,,,,,,,,
CCC1CCCCC1,"CYCLOHEXANE, ETHYL",,,,,,,,,,
CC1CCCCC1,"CYCLOHEXANE, METHYL",,,,,,,,,,
O=[N+]([O-])C1CCCCC1,"CYCLOHEXANE, NITRO",,,,,,,,,,
CCCCCCCCCCCCCCCCCCC1CCCCC1,"CYCLOHEXANE, OCTADECYL",,,,,,,,,,
CCCCCCCCCCCCCCC1CCCCC1,"CYCLOHEXANE, TETRADECYL",,,,,,,,,,
O=CC1CCCCC1,CYCLOHEXANECARBOXALDEHYDE,,,,,,,,,,
COC(=O)C1CCCCC1,"CYCLOHEXANECARBOXYLIC ACID, METHYL ESTER",,,,,,,,,,
OC1CCCCC1,CYCLOHEXANOL,1.072140017,1.138962126,1.213355391,1.27112864,1.363091603,1.468386324,1.58922946,1.728216598,1.888378196,2.073275068
O=C1CCCCC1,CYCLOHEXANONE,,,,,,,,,,
C[Si]1(C)O[Si](C)(C)O[Si](C)(C)O[Si](C)(C)O[Si](C)(C)O[Si](C)(C)O1,"CYCLOHEXASILOXANE, DODECAMETHYL",,,,,,,,,,
C1=CCCCC1,CYCLOHEXENE,,,,,,,,,,
O=[N+]([O-])C1CC=CCC1,"CYCLOHEXENE, 4-NITRO",,,,,,,,,,
C1CCCCCCC1,CYCLOOCTANE,,,,,,,,,,
C1CCCC1,CYCLOPENTANE,,,,,,,,,,
CCC1CCCC1c1ccccc1,"CYCLOPENTANE, 1-ETHYL, 2-PHENYL",,,,,,,,,,
CC1CCCC1c1ccccc1,"CYCLOPENTANE, 1-METHYL, 2-PHENYL",,,,,,,,,,
CCCCC1CCCC1,"CYCLOPENTANE, BUTYL",,,,,,,,,,
CCC1CCCC1,"CYCLOPENTANE, ETHYL",,,,,,,,,,
CCCCCCC1CCCC1,"CYCLOPENTANE, HEXYL",,,,,,,,,,
CC(C)C1CCCC1,"CYCLOPENTANE, ISOPROPYL",,,,,,,,,,
CC1CCCC1,"CYCLOPENTANE, METHYL",,,,,,,,,,
OC1CCCC1,CYCLOPENTANOL,1.00864018,1.07548077,1.150393983,1.210959327,1.304738512,1.412607473,1.536907393,1.680343651,1.846022207,2.037509723
O=C1CCCC1,CYCLOPENTANONE,,,,,,,,,,
CC1C=CCC1,"CYCLOPENTENE, 3-METHYL",,,,,,,,,,
C[Si]1(C)O[Si](C)(C)O[Si](C)(C)O[Si](C)(C)O1,"CYCLOTETRASILOXANE, OCTAMETHYL",,,,,,,,,,
C1CC[C@H]2CCCC[C@H]2C1,DECALIN(CIS),,,,,,,,,,
C1CC[C@H]2CCCC[C@@H]2C1,DECALIN(TRANS),,,,,,,,,,
CCCCCCCCCC,DECANE,,,,,,,,,,
CCCCCCCCCCc1ccccc1,"DECANE, 1-PHENYL",,,,,,,,,,
NCCCCCCCCCCN,"decane-1,10-diamine",1.918654729,2.005365731,2.0961075,2.141085238,2.240484079,2.348060503,2.46439759,2.590115654,2.725885845,2.872441299
N#CCCCCCCCCC#N,decanedinitrile,,,,,,,,,,
O=C(O)CCCCCCCCC(=O)O,DECANEDIOIC ACID,729.5736121,,,,,,,,,
CCCCC(CC)COC(=O)CCCCCCCCC(=O)OCC(CC)CCCC,"DECANEDIOIC ACID, DI(2-ETHYLHEXYL) ESTER",,,,,,,,,,
CCCCOC(=O)CCCCCCCCC(=O)OCCCC,"DECANEDIOIC ACID, DIBUTYL ESTER",,,,,,,,,,
CCCCCCOC(=O)CCCCCCCCC(=O)OCCCCCC,"DECANEDIOIC ACID, DIHEXYL ESTER",,,,,,,,,,
CCCCCCCCCOC(=O)CCCCCCCCC(=O)OCCCCCCCCC,"DECANEDIOIC ACID, DINONYL ESTER",,,,,,,,,,
CCCCCCCCCC(=O)O,decanoic acid,3.396834326,5.995193813,13.37266596,51.02952517,,,,,,
CCCCCCCCCC(CCCCCCCC(=O)OC)C(F)(F)C(F)(F)C(F)(F)C(F)(F)C(F)(F)C(F)(F)C(F)(F)C(F)(F)F,"DECANOIC ACID, 10(9)-PERFLUOROOCTYL, METHYL ESTER",,,,,,,,,,
c1ccc2c(c1)oc1ccccc12,DIBENZOFURAN,,,,,,,,,,
N#CCCOCCOc1ccc(Cl)cc1Cl,DICHLOROPHENOXY-BETA-CYANOETHYL ETHER,,,,,,,,,,
OCCOCCO,DIETHYLENE GLYCOL,0.45452442,0.452363796,0.449900257,0.441462135,0.438740593,0.436105909,0.433552965,0.431066799,0.428643734,0.42627659
CCCCOCCOCCOCCCC,"DIETHYLENE GLYCOL, DIBUTYL ETHER",,,,,,,,,,
CCOCCOCCOCC,"DIETHYLENE GLYCOL, DIETHYL ETHER",,,,,,,,,,
C1COOC1,DIOXOLANE,,,,,,,,,,
CCCCCCCCCCCCCCCCCCCCCC,DOCOSANE,,,,,,,,,,
CCCCCCCCCCCC(=O)N(CC)CC,"DODECANAMIDE, N,N-DIETHYL",,,,,,,,,,
CCCCCCCCCCCC,DODECANE,,,,,,,,,,
NCCCCCCCCCCCCN,"DODECANE, 1,12-DIAMINO",2.370102472,2.551100278,2.751723163,2.895733543,3.139511362,3.418119045,3.737870913,4.106685791,4.660726607,5.29393531
CCCCCCCCCCCCc1ccccc1,"DODECANE, 1-PHENYL",,,,,,,,,,
N#CCCCCCCCCCCC#N,"DODECANEDIOIC ACID, DINITRILE",,,,,,,,,,
CCCCCCCCCCCC(=O)O,dodecanoic acid,3.146991171,4.878216931,7.902794107,14.10679759,45.02200792,,,,,
CCCCCCCCCCCCCCCCCCC(CCCCCCCCCCCCCCCCCC)CCCCC(CCCCCCCCCCCCCCCCCC)CCCCCCCCCCCCCCCCCC,"DOTETRACONTANE, 19,24-DIOCTADECYL",,,,,,,,,,
CCCCCCCCCCCCCCCCCCCCCCCCCCCCCCCC,DOTRIACONTANE,,,,,,,,,,
CCCCCCCCCCCCCCCCCCCC,EICOSANE,,,,,,,,,,
FCC(F)(F)F,"ETHANE, 1,1,1,2-TETRAFLUORO",,,,,,,,,,
CC(Cl)(Cl)Cl,"ETHANE, 1,1,1-TRICHLORO",,,,,,,,,,
BrC(Br)C(Br)Br,"ETHANE, 1,1,2,2-TETRABROMO",,,,,,,,,,
ClC(Cl)C(Cl)Cl,"ETHANE, 1,1,2,2-TETRACHLORO",,,,,,,,,,
ClCC(Cl)Cl,"ETHANE, 1,1,2-TRICHLORO",,,,,,,,,,
FC(F)(Cl)C(F)(Cl)Cl,"ETHANE, 1,1,2-TRICHLORO, 1,2,2-TRIFLUORO",,,,,,,,,,
CC(Cl)Cl,"ETHANE, 1,1-DICHLORO",,,,,,,,,,
CCOC(C)OCC,"ETHANE, 1,1-DIETHOXY",,,,,,,,,,
CC(F)F,"ETHANE, 1,1-DIFLUORO",,,,,,,,,,
CC(c1ccccc1)c1ccccc1,"ETHANE, 1,1-DIPHENYL",,,,,,,,,,
CC[Te]CC,"ETHANE, 1,1'-TELLUROBIS",,,,,,,,,,
NCCN,"ETHANE, 1,2-DIAMINO",1.480855232,1.511743499,1.542906658,1.53829628,1.571012789,1.606719111,1.645651674,1.68806529,1.73425194,1.784546665
N#CCCNCCNCCC#N,"ETHANE, 1,2-DIAMINO-BIS-(DI-2-CYANOETHYL) ETHER",46.58218843,102.2065323,,,,,,,,
BrCCBr,"ETHANE, 1,2-DIBROMO",,,,,,,,,,
ClCCCl,"ETHANE, 1,2-DICHLORO",,,,,,,,,,
COCCOC,"ETHANE, 1,2-DIMETHOXY",,,,,,,,,,
c1ccc(CCc2ccccc2)cc1,"ETHANE, 1,2-DIPHENYL",,,,,,,,,,
FC(F)(F)C(Cl)Br,"ETHANE, 1-BROMO, 1-CHLORO, 2,2,2-TRIFLUORO",,,,,,,,,,
FC(Cl)C(F)(F)Br,"ETHANE, 1-BROMO, 2-CHLORO, 1,1,2-TRIFLUORO",,,,,,,,,,
CCBr,"ETHANE, BROMO",,,,,,,,,,
CCCl,"ETHANE, CHLORO",,,,,,,,,,
CC[N+](=O)[O-],"ETHANE, NITRO",,,,,,,,,,
CCO,ETHANOL,0.74956805,0.782264372,0.818176032,0.843198652,0.886888213,0.93683381,0.994264221,1.060726117,1.138180544,1.229141874
OCC(F)(F)F,"ETHANOL, 2,2,2-TRIFLUORO",1.015915801,1.065067532,1.119025448,1.155863725,1.221129086,1.29551992,1.380694996,1.47868731,1.592008539,1.723777884
NCCO,"ETHANOL, 2-AMINO",0.450001366,0.458598175,0.467486155,0.470776574,0.480505279,0.491059475,0.502502274,0.514914062,0.52838479,0.543008332
OCCCl,"ETHANOL, 2-CHLORO",0.764534352,0.803523936,0.846423889,0.877494599,0.929456952,0.988415102,1.055433189,1.131712513,1.218579425,1.317476283
OCCS,"ETHANOL, 2-MERCAPTO",0.77305165,0.798258284,0.825221644,0.839481615,0.870662103,0.90551896,0.944611194,0.988613642,1.038345048,1.094803373
COCCO,"ETHANOL, 2-METHOXY",1.923296308,2.004582389,2.09228401,2.128837781,2.231005412,2.347320367,2.480445597,2.63376572,2.811638086,3.019753682
O=[N+]([O-])CCO,"ETHANOL, 2-NITRO",0.860273694,0.902303241,0.948108707,0.984059891,1.038739545,1.099858687,1.168288049,1.24502193,1.331203097,1.428143291
OCCc1ccccc1,"ETHANOL, 2-PHENYL",1.636849027,1.755627594,1.890594718,1.998561877,2.173120807,2.37968174,2.62645286,2.924559708,3.289467207,3.743330479
CC(=O)c1cccc2ccccc12,"ETHANONE, 1-(1-NAPHTHALENYL)",,,,,,,,,,
C=C(Cl)Cl,"ETHENE, 1,1-DICHLORO",,,,,,,,,,
Cl/C=C\Cl,"ETHENE, 1,2-DICHLORO(CIS)",,,,,,,,,,
Cl/C=C/Cl,"ETHENE, 1,2-DICHLORO(TRANS)",,,,,,,,,,
C=CBr,"ETHENE, BROMO",,,,,,,,,,
ClC(Cl)=C(Cl)Cl,"ETHENE, TETRACHLORO",,,,,,,,,,
ClC=C(Cl)Cl,"ETHENE, TRICHLORO",,,,,,,,,,
Fc1c(F)c(F)c(Oc2c(F)c(F)c(F)c(F)c2F)c(F)c1F,"ETHER, BIS(PENTAFLUOROPHENYL)",,,,,,,,,,
Fc1c(F)c(C(F)(F)F)c(F)c(F)c1Oc1c(F)c(F)c(C(F)(F)F)c(F)c1F,"ETHER, BIS[2,3,5,6-TETRAFLUORO-4-(TRIFLUOROMETHYL)]",,,,,,,,,,
c1ccc(COCc2ccccc2)cc1,"ETHER, DIBENZYL",,,,,,,,,,
CCCCOCCCC,"ETHER, DIBUTYL",,,,,,,,,,
CCOCC,"ETHER, DIETHYL",,,,,,,,,,
CC(C)OC(C)C,"ETHER, DIISOPROPYL",,,,,,,,,,
COC,"ETHER, DIMETHYL",,,,,,,,,,
CCCCCCCCOCCCCCCCC,"ETHER, DIOCTYL",,,,,,,,,,
c1ccc(Oc2ccccc2)cc1,"ETHER, DIPHENYL",,,,,,,,,,
CCCOCCC,"ETHER, DIPROPYL",,,,,,,,,,
CCOC(C)(C)CC,"ETHER, ETHYL TERT.PENTYL",,,,,,,,,,
CCC(C)(C)OC,"ETHER, METHYL TERT.PENTYL",,,,,,,,,,
CCOC(C)(C)C,"ETHER, TERT. BUTYL ETHYL",,,,,,,,,,
COC(C)(C)C,"ETHER, TERT.BUTYL METHYL",,,,,,,,,,
COCCN,"ETHYLAMINE, 2-METHOXY",4.166436801,4.613527858,5.212700985,5.706786518,6.880858595,8.979704075,13.87145927,39.35619237,,
C(#Cc1ccccc1)c1ccccc1,"ETHYNE, DIPHENYL",,,,,,,,,,
c1ccc2c(c1)Cc1ccccc1-2,FLUORENE,,,,,,,,,,
NC=O,"FORMIC ACID, AMIDE",9999.999766,0.418960404,0.426674273,0.429309716,0.437644144,0.446615148,0.456257528,0.466621037,0.477751815,0.489695318
CCCCN(C=O)CCCC,"FORMIC ACID, AMIDE, N,N-DIBUTYL",,,,,,,,,,
CCN(C=O)CC,"FORMIC ACID, AMIDE, N,N-DIETHYL",,,,,,,,,,
CN(C)C=O,"FORMIC ACID, AMIDE, N,N-DIMETHYL",3.657988715,4.171243437,4.872748795,5.342948558,6.683589221,9.149795022,15.2305089,56.03503668,,
O=CN(c1ccccc1)c1ccccc1,"FORMIC ACID, AMIDE, N,N-DIPHENYL",,,,,,,,,,
CCNC=O,"FORMIC ACID, AMIDE, N-ETHYL",1.757982612,1.798565669,1.841184626,1.840486561,1.888249956,1.942675762,2.004969366,2.076678105,2.159846228,2.25719562
CC(C)NC=O,"FORMIC ACID, AMIDE, N-ISOPROPYL",2.015387426,2.02375907,2.030085558,1.982836777,1.987890877,1.994478077,2.002574211,2.012164817,2.023248115,2.035829585
CNC=O,"FORMIC ACID, AMIDE, N-METHYL",1.324399407,1.360896913,1.398355498,1.402487238,1.442571433,1.486307457,1.534000239,1.585978584,1.642608301,1.704283174
CCOC=O,"FORMIC ACID, ETHYL ESTER",,,,,,,,,,
CCOC(=O)/C=C/C(=O)OCC,"FUMARIC ACID, DIETHYL ESTER",,,,,,,,,,
N#C/C=C/C#N,"FUMARIC ACID, NITRILE",,248.2391554,64.81229903,31.04433577,25.24234027,21.84133962,19.61178356,18.04185278,16.88021232,15.98888902
NCc1ccco1,"FURAN, 2(AMINOMETHYL)",3.23611077,3.394031008,3.567534244,3.596027061,3.80165031,4.04641301,4.341446232,4.702696128,5.153794919,5.731323588
COc1ccco1,"FURAN, 2-METHOXY",,,,,,,,,,
Cc1occc1[N+](=O)[O-],"FURAN, 2-METHYL, 3-NITRO",,,,,,,,,,
Cc1ccc([N+](=O)[O-])o1,"FURAN, 2-METHYL, 5-NITRO",,,,,,,,,,
O=[N+]([O-])c1ccco1,"FURAN, 2-NITRO",,,,,,,,,,
C1CCOC1,"FURAN, TETRAHYDRO",,,,,,,,,,
N#CC1CCCO1,"FURAN, TETRAHYDRO, 2-CYANO",,,,,,,,,,
Cc1nonc1C,"FURAZAN, 3,4-DIMETHYL",,,,,,,,,,
O=Cc1ccco1,FURFURAL,,,,,,,,,,
Cc1ccc(C=O)o1,"FURFURAL, 5-METHYL",,,,,,,,,,
O=Cc1ccc([N+](=O)[O-])o1,"FURFURAL, 5-NITRO",,,,,,,,,,
O=CC1CCCO1,"FURFURAL, TETRAHYDRO",,,,,,,,,,
OCC(O)CO,GLYCEROL,0.465924203,0.474305593,0.483024469,0.486357205,0.49602814,0.506603667,0.518178927,0.530870817,0.54480608,0.560148078
CCCCCCCCCCC(=O)Oc1ccc(N=Nc2ccc(OCC)cc2)cc1,"HENDECANOIC ACID, 4(4'-ETHOXYPHENYLAZO) PHENYL",6.03428177,8.572622566,12.69273029,18.68874536,36.93477385,225.0137198,,,,
CCCCCCCCCCCCCCCCCCCCC,HENEICOSANE,,,,,,,,,,
CCCCCCCCCCCCCCCCC,HEPTADECANE,,,,,,,,,,
CCCCCCCCCCCCCCCCC#N,"HEPTADECANOIC ACID, NITRILE",,,,,,,,,,
CCCCCCC=O,HEPTANAL,,,,,,,,,,
CCCCCCC,HEPTANE,,,,,,,,,,
CC(C)CCCC(C)C,"HEPTANE, 2,6-DIMETHYL",,,,,,,,,,
FC(F)(F)C(F)(F)C(F)(F)C(F)(F)C(F)(F)C(F)(F)C(F)(F)F,"HEPTANE, PERFLUORO",,,,,,,,,,
O=C(O)CCCCCC(=O)O,HEPTANEDIOIC ACID,2.780859404,2.785448715,2.785759399,2.686640004,2.685135763,2.747364716,3.061010767,3.351364915,3.628576779,3.897879479
N#CCCCCCC#N,"HEPTANEDIOIC ACID, DINITRILE",,,,,,,,,,
CCCCCCCCOC(=O)CCCCCC(=O)OCCCCCCCC,"HEPTANEDIOIC ACID, DIOCTYL ESTER",,,,,,,,,,
CCCCCCC#N,"HEPTANOIC ACID, NITRILE",,,,,,,,,,
CCCCCCCCCCCCCCCC,HEXADECANE,,,,,,,,,,
CCCCCCCCCCCCCCCCN,"HEXADECANE, 1-AMINO",20.36917374,40.59853662,475.9335885,,,,,,,
CCCCCCCCCCCCCCCCBr,"HEXADECANE, 1-BROMO",,,,,,,,,,
CCCCCCCCCCCCCCCCCl,"HEXADECANE, 1-CHLORO",,,,,,,,,,
CCCCCCCCCCCCCCCCI,"HEXADECANE, 1-IODO",,,,,,,,,,
CCCCCCCCCCCCCCCC(=O)O,HEXADECANOIC ACID,4.769792111,6.866349689,10.84288246,20.07908747,107.5837144,,,,,
CCCCCCCCCCCCCCCC(=O)OCC(COC(=O)CCCCCCCCCCCCCCC)OC(=O)CCCCCCCCCCCCCCC,"HEXADECANOIC ACID, 1,2,3-PROPANETRIYL ESTER",,,,,,,,,,
O=C1CCCCCO1,"HEXAMETHYLENE OXIDE, 2-OXO",,,,,,,,,,
CCCCCC,HEXANE,,,,,,,,,,
CCCCCCCl,"HEXANE, 1-CHLORO",,,,,,,,,,
CC(C)CCC(C)(C)C,"HEXANE, 2,2,5-TRIMETHYL",,,,,,,,,,
CCC(C)CC(C)C,"HEXANE, 2,4-DIMETHYL",,,,,,,,,,
CCCCC(C)C,"HEXANE, 2-METHYL",,,,,,,,,,
CCCC(C)CC,"HEXANE, 3-METHYL",,,,,,,,,,
FC(F)(F)C(F)(F)C(F)(F)C(F)(F)C(F)(F)C(F)(F)F,"HEXANE, PERFLUORO",,,,,,,,,,
CCCCC(CC)COC(=O)CCCCC(=O)OCC(CC)CCCC,"HEXANEDIOIC ACID, DI(2-ETHYLHEXYL) ESTER",,,,,,,,,,
CCCCOC(=O)CCCCC(=O)OCCCC,"HEXANEDIOIC ACID, DIBUTYL ESTER",,,,,,,,,,
CCCCCCOC(=O)CCCCC(=O)OCCCCCC,"HEXANEDIOIC ACID, DIHEXYL ESTER",,,,,,,,,,
N#CCCCCC#N,"HEXANEDIOIC ACID, DINITRILE",,,,,,,,,,
CCCCCCCCOC(=O)CCCCC(=O)OCCCCCCCC,"HEXANEDIOIC ACID, DIOCTYL ESTER",,,,,,,,,,
CCCCC(CC)C(=O)N(CCCC)CCCC,"HEXANOIC ACID, 2-ETHYL, AMIDE, N,N-DIBUTYL",,,,,,,,,,
CC(=O)CCCC#N,"HEXANOIC ACID, 5-OXO, NITRILE",,,,,,,,,,
O=C1CCCCCN1,"HEXANOIC ACID, 6-AMINO, CYCLIC LACTAM",5.862740989,7.279378588,9.855500948,13.44001202,33.57134447,,,,,
CCN1CCCCCC1=O,"HEXANOIC ACID, 6-AMINO, LACTAM, N-ETHYL",16.06480617,60.84719163,,,,,,,,
CN1CCCCCC1=O,"HEXANOIC ACID, 6-AMINO, LACTAM, N-METHYL",2.604364491,2.900228719,3.291591115,3.656699756,4.407940195,5.682889373,8.354213365,17.78571536,,
CCCCCC#N,"HEXANOIC ACID, NITRILE",,,,,,,,,,
CCCCCCCCCCCCCCCCCCCCCCCCCCCCCCCCCCCC,HEXATRIACONTANE,,,,,,,,,,
CCCCCCCCCCCCCCCCCCCCO,icosan-1-ol,2.983764945,4.804631476,7.992072655,14.40505813,59.14619069,,,,,
C1=Cc2ccccc2C1,INDENE,,,,,,,,,,
CCCCN=C=O,"ISOCYANIC ACID, BUTYL ESTER",,,,,,,,,,
O=C=NCCCCCCN=C=O,"ISOCYANIC ACID, HEXAMETHYLENE ESTER",,,,,,,,,,
c1ccc2cnccc2c1,ISOQUINOLINE,,,,,,,,,,
Cc1cc(C)on1,"ISOXAZOLE, 3,5-DIMETHYL",,,,,,,,,,
Cc1ccno1,"ISOXAZOLE, 5-METHYL",,,,,,,,,,
Cc1oncc1[N+](=O)[O-],"ISOXAZOLE, 5-METHYL, 4-NITRO",,,,,,,,,,
CCCCOC(=O)/C=C\C(=O)OCCCC,"MALEIC ACID, DIBUTYL ESTER",,,,,,,,,,
CCOC(=O)/C=C\C(=O)OCC,"MALEIC ACID, DIETHYL ESTER",,,,,,,,,,
COC(=O)/C=C\C(=O)OC,"MALEIC ACID, DIMETHYL ESTER",,,,,,,,,,
N#C/C=C\C#N,"MALEIC ACID, DINITRILE",,,,,,,,,,
CCCCCCCCCCOC(=O)CC(=O)OCCCCCCCCCC,"MALONIC ACID, DIDECYL ESTER",,,,,,,,,,
CCOC(=O)CC(=O)OCC,"MALONIC ACID, DIETHYL ESTER",,,,,,,,,,
COC(=O)CC(=O)OC,"MALONIC ACID, DIMETHYL ESTER",,,,,,,,,,
N#CCC#N,"MALONIC ACID, DINITRILE",,,,,,,,,,
COC(=O)CC#N,"MALONIC ACID, MONOMETHYL ESTER, MONONITRILE",,,,,,,,,,
ClCCl,"METHANE, DICHLORO",,,,,,,,,,
CCOCOCC,"METHANE, DIETHOXY",,,,,,,,,,
ICI,"METHANE, DIIODO",,,,,,,,,,
c1ccc(Cc2ccccc2)cc1,"METHANE, DIPHENYL",,,,,,,,,,
CI,"METHANE, IODO",,,,,,,,,,
C[N+](=O)[O-],"METHANE, NITRO",,,,,,,,,,
BrC(Br)(Br)Br,"METHANE, TETRABROMO",,,,,,,,,,
ClC(Cl)(Cl)Cl,"METHANE, TETRACHLORO",,,,,,,,,,
BrC(Br)Br,"METHANE, TRIBROMO",,,,,,,,,,
ClC(Cl)Cl,"METHANE, TRICHLORO",,,,,,,,,,
CN(C)CN(C)C,"METHANEDIAMINE, N,N,N',N'-TETRAMETHYL",,,,,,,,,,
CC(=O)OCOC(C)=O,"METHANEDIOL, DIACETATE",,,,,,,,,,
CNS(C)(=O)=O,"METHANESULFONIC ACID, AMIDE, N-METHYL",0.772479878,0.776602426,0.780362453,0.770431104,0.773988583,0.778118413,0.782847661,0.788209891,0.794246293,0.801006822
CO,METHANOL,0.606662746,0.628388692,0.651599096,0.666221983,0.692905356,0.722343075,0.754835912,0.790712513,0.830327075,0.874053659
OCc1ccco1,"METHANOL, (2-FURYL)",3.101192899,3.188466505,3.280498313,3.249643216,3.351742151,3.471318359,3.612309521,3.780091382,3.982178505,4.229388056
O=[N+]([O-])c1ccc(CO)o1,"METHANOL, (2-FURYL, 5-NITRO)",9.395336219,11.22473992,13.78571783,15.33705733,20.23312402,29.48610677,53.38267061,254.3579197,,
OCC1CCCO1,"METHANOL, (2-TETRAHYDROFURYL)",1.65769651,1.676564708,1.694861887,1.666744273,1.684970903,1.705964857,1.730026671,1.757529762,1.788942443,1.824862346
CCOC,methoxyethane,,,,,,,,,,
C1COCCN1,MORPHOLINE,,,,,,,,,,
N#CN1CCOCC1,"MORPHOLINE, 4-CYANO",,,,,,,,,,
CN1CCOC(=O)C1,"MORPHOLINE, 4-METHYL, 2-OXO",6.558111038,7.510450942,8.754840161,9.08869091,10.9895877,13.9898595,19.38976383,31.8700757,90.86227991,
O=NN1CCOCC1,"MORPHOLINE, 4-NITROSO",,,,,,,,,,
CC(=O)N1CCOCC1,"MORPHOLINE, N-ACETYL",,,,,,,,,,
CN1CCOCC1=O,"MORPHOLINONE, 4-METHYL, 3-OXO",8.537124384,11.23329277,16.95201718,20.88890361,83.87117683,,,,,
CCCCN(CCCC)C(=O)c1ccccc1,"N,N-dibutylbenzamide",,,,,,,,,,
NCCNCCNCCNCCN,"N'-[2-[2-(2-aminoethylamino)ethylamino]ethyl]ethane-1,2-diamine",4.767964599,4.68557309,4.608780663,4.537039629,4.469866448,4.406838549,20.54887344,,,
c1ccc2ccccc2c1,NAPHTHALENE,,,,,,,,,,
CN(C)c1cccc2ccccc12,"NAPHTHALENE, 1(DIMETHYLAMINO)",,,,,,,,,,
Cc1ccc2ccccc2c1C,"NAPHTHALENE, 1,2-DIMETHYL",,,,,,,,,,
Cc1ccc(C)c2ccccc12,"NAPHTHALENE, 1,4-DIMETHYL",,,,,,,,,,
Nc1cccc2ccccc12,"NAPHTHALENE, 1-AMINO",9.028662388,12.17540222,18.37444837,26.98307828,95.25136256,,,,,
Brc1cccc2ccccc12,"NAPHTHALENE, 1-BROMO",,,,,,,,,,
Clc1cccc2ccccc12,"NAPHTHALENE, 1-CHLORO",,,,,,,,,,
CCCCCCc1cccc2ccccc12,"NAPHTHALENE, 1-HEXYL",,,,,,,,,,
Oc1cccc2ccccc12,"NAPHTHALENE, 1-HYDROXY",,,,,,,,,,
Cc1cccc2ccccc12,"NAPHTHALENE, 1-METHYL",,,,,,,,,,
O=[N+]([O-])c1cccc2ccccc12,"NAPHTHALENE, 1-NITRO",,,,,,,,,,
Clc1ccc2ccccc2c1,"NAPHTHALENE, 2-CHLORO",,,,,,,,,,
CCOc1ccc2ccccc2c1,"NAPHTHALENE, 2-ETHOXY",,,,,,,,,,
CCCCCCCCCCCCCCCCCCC,NONADECANE,,,,,,,,,,
CCCCCCCCCCCCCCCCCCCc1ccccc1,"NONADECANE, 1-PHENYL",,,,,,,,,,
CCCCCCCCC,NONANE,,,,,,,,,,
CCCCCCCCCBr,"NONANE, 1-BROMO",,,,,,,,,,
CCCCCCCCCCl,"NONANE, 1-CHLORO",,,,,,,,,,
CCCCCCCOC(=O)CCCCCCCC(=O)OCCCCCCC,"NONANEDIOIC ACID, DIHEPTYL ESTER",,,,,,,,,,
CCCCCCCCC(=O)O,NONANOIC ACID,6.213089802,14.25249616,146.9094354,,,,,,,
CCCCCCCCC(=O)OC,"NONANOIC ACID, METHYL ESTER",,,,,,,,,,
CCCCCCCCC#N,"NONANOIC ACID, NITRILE",,,,,,,,,,
CCCCCCCCCCCCCCCCCCCCCCCCCCCC,OCTACOSANE,,,,,,,,,,
CCCCCCCCC=CCCCCCCCC(=O)O,octadec-9-enoic acid,,,,,,,,,,
CCC=CCC=CCC=CCCCCCCCC(=O)O,"octadeca-9,12,15-trienoic acid",,,,,,,,,,
CCCCCC=CCC=CCCCCCCCC(=O)O,"octadeca-9,12-dienoic acid",,,,,,,,,,
CCCCCCCCCCCCCCCCCC,OCTADECANE,,,,,,,,,,
CCCCCCCCCCCCCCCCCCCl,"OCTADECANE, 1-CHLORO",,,,,,,,,,
CCCCCCCCCCCCCCCCCC(=O)O,OCTADECANOIC ACID,,,,,,,,,,
CCCCCCCCCCCCCCCCCC(N)=O,"OCTADECANOIC ACID, AMIDE",,,,,,,,,,
CCCCCCCCCCCCCCCCCC(=O)Cl,"OCTADECANOIC ACID, CHLORIDE",,,,,,,,,,
CCCCCCCCCCCCCCCCCC(=O)OCC,"OCTADECANOIC ACID, ETHYL ESTER",,,,,,,,,,
CCCCCCCC,OCTANE,,,,,,,,,,
CC(C)CCCCC(C)C,"OCTANE, 2,7-DIMETHYL",,,,,,,,,,
CCCCCCC(C)C1CCCC1,"OCTANE, 2-CYCLOPENTYL",,,,,,,,,,
CCCCCCC(C)C,"OCTANE, 2-METHYL",,,,,,,,,,
CCCCCC(C)CC,"OCTANE, 3-METHYL",,,,,,,,,,
FC(F)(F)C(F)(F)C(F)(F)C(F)(F)C(F)(F)C(F)(F)C(F)(F)C(F)(F)F,"OCTANE, OCTADECAFLUORO",,,,,,,,,,
NCCCCCCCCN,"octane-1,8-diamine",2.188767808,2.33195498,2.4925647,2.587996291,2.788203854,3.024592465,3.306540772,3.646857049,4.06350915,4.58249042
CCCCCCCOC(=O)CCCCCCC(=O)OCCCCCCC,"OCTANEDIOIC ACID, DIHEPTYL ESTER",,,,,,,,,,
CCCCCCOC(=O)CCCCCCC(=O)OCCCCCC,"OCTANEDIOIC ACID, DIHEXYL ESTER",,,,,,,,,,
N#CCCCCCCC#N,"OCTANEDIOIC ACID, DINITRILE",,,,,,,,,,
CCCCCCCC(=O)O,OCTANOIC ACID,5.941387079,9.309376972,19.34939375,125.1537882,,,,,,
CCCCCCCC(=O)OCC(COC(=O)CCCCCCC)OC(=O)CCCCCCC,"OCTANOIC ACID, 1,2,3-PROPANETRIYL ESTER",,,,,,,,,,
CCOC(=O)C(F)(F)C(F)(Cl)C(F)(F)C(F)(Cl)C(F)(F)C(F)(Cl)C(F)(F)Cl,"OCTANOIC ACID, 1,2,4,6-TETRACHLORO, PERFLUORO, ETHYL ESTER",,,,,,,,,,
CCCCCCCC(=O)OCC,"OCTANOIC ACID, ETHYL ESTER",,,,,,,,,,
CCCCCCCC#N,"OCTANOIC ACID, NITRILE",,,,,,,,,,
CCCCCCCCCCOC(=O)C(=O)OCCCCCCCCCC,"OXALIC ACID, DIDECYL ESTER",,,,,,,,,,
CCOC(=O)C(=O)OCC,"OXALIC ACID, DIETHYL ESTER",,,,,,,,,,
C1CCOCC1,oxane,,,,,,,,,,
CCC(=O)N1CCOC1,"OXAZOLIDINE, 3-(1-OXOPROPYL)",,,,,,,,,,
CC(=O)N1CCOC1,"OXAZOLIDINE, 3-ACETYL",10.59997902,14.47315635,23.69649123,34.13992512,,,,,,
CCCCCCCCCCCCCCC,PENTADECANE,,,,,,,,,,
CCCCCCCCCCCCCCCc1ccccc1,"PENTADECANE, 1-PHENYL",,,,,,,,,,
CCCCCCCCCCCCCCC#N,"PENTADECANOIC ACID, NITRILE",,,,,,,,,,
CCCCC,PENTANE,,,,,,,,,,
CCCCCCl,"PENTANE, 1-CHLORO",,,,,,,,,,
CC(C)CC(C)(C)C,"PENTANE, 2,2,4-TRIMETHYL",,,,,,,,,,
CC(C)C(C)C(C)C,"PENTANE, 2,3,4-TRIMETHYL",,,,,,,,,,
CC(C)CC(C)C,"PENTANE, 2,4-DIMETHYL",,,,,,,,,,
CCCC(C)C,"PENTANE, 2-METHYL",,,,,,,,,,
CCC(C)CC,"PENTANE, 3-METHYL",,,,,,,,,,
COC(=O)CC(=O)CC(=O)OC,"PENTANEDIOIC ACID, 3-OXO, DIMETHYL ESTER",,,,,,,,,,
CCOC(=O)CCCC(=O)OCC,"PENTANEDIOIC ACID, DIETHYL ESTER",,,,,,,,,,
COC(=O)CCCC(=O)OC,"PENTANEDIOIC ACID, DIMETHYL ESTER",,,,,,,,,,
N#CCCCC#N,"PENTANEDIOIC ACID, DINITRILE",,,,,,,,,,
CCCCCCCCCOC(=O)CCCC(=O)OCCCCCCCCC,"PENTANEDIOIC ACID, DINONYL ESTER",,,,,,,,,,
CC(C#N)CCC#N,"PENTANEDIOIC ACID, METHYL, DINITRILE",,,,,,,,,,
C=C(C#N)CCC#N,"PENTANEDIOIC ACID, METHYLENE, DINITRILE",,,,,,,,,,
O=C1CCCC(=O)O1,PENTANEDIOIC ANHYDRIDE,,,,,,,,,,
CC1C=CC(=O)O1,"PENTANOIC ACID, 4-HYDROXY, GAMMA-LACTONE",,,,,,,,,,
CC(=O)CCC#N,"PENTANOIC ACID, 4-OXO, NITRILE",,,,,,,,,,
CCCCC#N,"PENTANOIC ACID, NITRILE",,,,,,,,,,
CCCCCCCCCCCCCCCCCCCCCCCCCCCCCCCCCCC,PENTATRIACONTANE,,,,,,,,,,
CCCCCOC(C)=O,pentyl acetate,,,,,,,,,,
c1ccc2c(c1)ccc1ccccc12,PHENANTHRENE,,,,,,,,,,
c1ccc2c(c1)CCc1ccccc1-2,"PHENANTHRENE, 9,10-DIHYDRO",,,,,,,,,,
Oc1ccccc1,PHENOL,0.935473522,0.974757812,1.016590304,1.043327975,1.09087064,1.142894398,1.199766862,1.261874596,1.329611722,1.403373332
COc1ccccc1O,"PHENOL, 2-METHOXY",,,,,,,,,,
O=[N+]([O-])c1ccccc1O,"PHENOL, 2-NITRO",,,,,,,,,,
Oc1cccc(OC(F)F)c1,"PHENOL, 3-(DIFLUOROMETHOXY)",10.37053382,11.597229,13.0342855,13.08553842,14.83261365,17.09599111,20.13050992,24.39304021,30.79204267,41.42839846
Oc1cccc(C(F)(F)F)c1,"PHENOL, 3-(TRIFLUOROMETHYL)",19.08635313,,,,,,,,,
Oc1ccc(F)cc1,"PHENOL, 4-FLUORO",4.254160023,4.900916322,5.738330601,6.448485491,7.874265168,10.01922974,13.57779471,20.56160881,40.24456355,425.858411
Oc1c(F)c(F)c(F)c(F)c1F,"PHENOL, PENTAFLUORO",,,,,,,,,,
CCCCC(CC)COP(=O)(O)OCC(CC)CCCC,"PHOSPHORIC ACID, BIS(2-ETHYLHEXYL) ESTER",,,,,,,,,,
CCCCOP(=O)(O)O,"PHOSPHORIC ACID, BUTYL ESTER",0.286810943,0.285571592,0.284179629,0.279905741,0.278380541,0.276894143,0.275439902,0.274015583,0.272615658,0.271242207
CCCCOP(=O)(O)OCCCC,"PHOSPHORIC ACID, DIBUTYL ESTER",0.519333171,0.531604375,0.544587958,0.550628535,0.565430452,0.581861073,0.600160579,0.62061738,0.64358311,1.018837506
COP(=O)(Oc1ccccc1)Oc1ccccc1,"PHOSPHORIC ACID, METHYL DIPHENYL ESTER",,,,,,,,,,
CN(C)P(=O)(N(C)C)N(C)C,"PHOSPHORIC ACID, TRIAMIDE, HEXAMETHYL",0.964454943,0.985462156,1.007398027,1.013389247,1.037825012,1.064873874,1.094870076,1.128223236,1.165426341,1.207073922
CCCCOP(=O)(OCCCC)OCCCC,"PHOSPHORIC ACID, TRIBUTYL ESTER",,,,,,,,,,
CCOP(=O)(OCC)OCC,"PHOSPHORIC ACID, TRIETHYL ESTER",1.205886281,1.298941431,1.405531951,1.491847827,1.630866261,1.795556548,1.991651698,2.226317665,2.508532431,2.849689293
COP(=O)(OC)OC,"PHOSPHORIC ACID, TRIMETHYL ESTER",1.167939743,1.219504645,1.275159572,1.310964224,1.376064517,1.448783081,1.530193069,1.621554434,1.724351476,1.840331096
O=P(Oc1ccccc1)(Oc1ccccc1)Oc1ccccc1,"PHOSPHORIC ACID, TRIPHENYL ESTER",,,,,,,,,,
CCCCOCCOP(=O)(OCCOCCCC)OCCOCCCC,"PHOSPHORIC ACID, TRIS(2-BUTOXYETHYL) ESTER",,,,,,,,,,
CCCCC(CC)COP(=O)(OCC(CC)CCCC)OCC(CC)CCCC,"PHOSPHORIC ACID, TRIS(2-ETHYLHEXYL) ESTER",,,,,,,,,,
Cc1ccc(OP(=O)(Oc2ccc(C)cc2C)Oc2ccc(C)cc2C)c(C)c1,"PHOSPHORIC ACID, TRIS(DIMETHYLPHENYL) ESTER",,,,,,,,,,
CCCCCCOC(=O)c1ccc([N+](=O)[O-])cc1C(=O)OCCCCCC,"PHTHALIC ACID, 4-NITRO, DIHEXYL ESTER",,,,,,,,,,
CCCCOC(=O)c1ccccc1C(=O)OCc1ccccc1,"PHTHALIC ACID, BENZYL BUTYL ESTER",,,,,,,,,,
CCCCOC(=O)COC(=O)c1ccccc1C(=O)COC(=O)OCCCC,"PHTHALIC ACID, BIS(2-BUTOXY-2-OXOETHYL) ESTER",,,,,,,,,,
CCCCOC(=O)c1ccccc1C(=O)OCC(CC)CCCC,"PHTHALIC ACID, BUTYL, ETHYLHEXYL ESTER",,,,,,,,,,
CCCCC(CC)COC(=O)c1ccccc1C(=O)OCC(CC)CCCC,"PHTHALIC ACID, DI(2-ETHYLHEXYL) ESTER",,,,,,,,,,
COCCOC(=O)c1ccccc1C(=O)OCCOC,"PHTHALIC ACID, DI(2-METHOXYETHYL) ESTER",,,,,,,,,,
O=C(OCCc1ccccc1)c1ccccc1C(=O)OCCc1ccccc1,"PHTHALIC ACID, DI(2-PHENYLETHYL) ESTER",,,,,,,,,,
C=CCOC(=O)c1ccccc1C(=O)OCC=C,"PHTHALIC ACID, DI(2-PROPENYL) ESTER",,,,,,,,,,
O=C(OCCCc1ccccc1)c1ccccc1C(=O)OCCCc1ccccc1,"PHTHALIC ACID, DI(3-PHENYLPROPYL) ESTER",,,,,,,,,,
CCC(C)OC(=O)c1ccccc1C(=O)OC(C)CC,"PHTHALIC ACID, DI(SEC.BUTYL) ESTER",,,,,,,,,,
O=C(OCc1ccccc1)c1ccccc1C(=O)OCc1ccccc1,"PHTHALIC ACID, DIBENZYL ESTER",,,,,,,,,,
CC1(C)C2CCC1(C)C(OC(=O)c1ccccc1C(=O)OC1CC3CCC1(C)C3(C)C)C2,"PHTHALIC ACID, DIBORNYL ESTER",2.910262152,3.534897987,4.291643403,5.096656708,6.305332683,7.977053087,10.45525564,14.52814768,22.49782479,45.18227228
CCCCOC(=O)c1ccccc1C(=O)OCCCC,"PHTHALIC ACID, DIBUTYL ESTER",,,,,,,,,,
O=C(OC1CCCCC1)c1ccccc1C(=O)OC1CCCCC1,"PHTHALIC ACID, DICYCLOHEXYL ESTER",,,,,,,,,,
CCCCCCCCCCOC(=O)c1ccccc1C(=O)OCCCCCCCCCC,"PHTHALIC ACID, DIDECYL ESTER",,,,,,,,,,
CCOC(=O)c1ccccc1C(=O)OCC,"PHTHALIC ACID, DIETHYL ESTER",,,,,,,,,,
CCCCCCCOC(=O)c1ccccc1C(=O)OCCCCCCC,"PHTHALIC ACID, DIHEPTYL ESTER",,,,,,,,,,
CCCCCCOC(=O)c1ccccc1C(=O)OCCCCCC,"PHTHALIC ACID, DIHEXYL ESTER",,,,,,,,,,
CC(C)COC(=O)c1ccccc1C(=O)OCC(C)C,"PHTHALIC ACID, DIISOBUTYL ESTER",,,,,,,,,,
CC(C)CCCCCCCOC(=O)c1ccccc1C(=O)OCCCCCCCC(C)C,"PHTHALIC ACID, DIISODECYL ESTER",,,,,,,,,,
CC(C)OC(=O)c1ccccc1C(=O)OC(C)C,"PHTHALIC ACID, DIISOPROPYL ESTER",,,,,,,,,,
CCCCCCCCCOC(=O)c1ccccc1C(=O)OCCCCCCCCC,"PHTHALIC ACID, DINONYL ESTER",,,,,,,,,,
CCCCCCCCOC(=O)c1ccccc1C(=O)OCCCCCCCC,"PHTHALIC ACID, DIOCTYL ESTER",,,,,,,,,,
CCCCCOC(=O)c1ccccc1C(=O)OCCCCC,"PHTHALIC ACID, DIPENTYL ESTER",,,,,,,,,,
O=C(Oc1ccccc1)c1ccccc1C(=O)Oc1ccccc1,"PHTHALIC ACID, DIPHENYL ESTER",,,,,,,,,,
CCCOC(=O)c1ccccc1C(=O)OCCC,"PHTHALIC ACID, DIPROPYL ESTER",,,,,,,,,,
CCCCOC(=O)c1c(Cl)c(Cl)c(Cl)c(Cl)c1C(=O)OCCCC,"PHTHALIC ACID, TETRACHLORO, DIBUTYL ESTER",,,,,,,,,,
CCCCCCCCCOC(=O)c1c(Cl)c(Cl)c(Cl)c(Cl)c1C(=O)OCCCCCCCCC,"PHTHALIC ACID, TETRACHLORO, DINONYL ESTER",,,,,,,,,,
CCCOC(=O)c1c(Cl)c(Cl)c(C(=O)OCCC)c(Cl)c1Cl,"PHTHALIC ACID, TETRACHLORO, DIPROPYL ESTER",,,,,,,,,,
CN1CCN(CCC#N)CC1,"PIPERAZINE, 1(2-CYANOETHYL), 4-METHYL",,,,,,,,,,
CC(=O)N1CCN(C)CC1,"PIPERAZINE, 1-ACETYL, 4-METHYL",5.429250119,7.662304671,16.3816871,,,,,,,
CN1CCN(C=O)CC1,"PIPERAZINE, 1-FORMYL, 4-METHYL",2.255845858,2.350032689,2.450901852,2.484889113,2.600494623,2.731505235,2.880648648,3.051346104,3.247938081,3.476022383
CN1CCN(N=O)CC1,"PIPERAZINE, 1-METHYL, 4-NITROSO",,,,,,,,,,
C1CCNCC1,PIPERIDINE,,,,,,,,,,
CC(=O)N1CCCCC1,"PIPERIDINE, 1-ACETYL",8.914338686,15.0414772,54.13084631,,,,,,,
N#CN1CCCCC1,"PIPERIDINE, 1-CYANO",,,,,,,,,,
O=CN1CCCCC1,"PIPERIDINE, 1-FORMYL",,,,,,,,,,
O=[N+]([O-])N1CCCCC1,"PIPERIDINE, 1-NITRO",,,,,,,,,,
O=NN1CCCCC1,"PIPERIDINE, 1-NITROSO",,,,,,,,,,
CC(=O)OC(C)C,propan-2-yl acetate,,,,,,,,,,
CCC,PROPANE,,,,,,,,,,
FCC(F)C(F)(F)F,"PROPANE, 1,1,1,2,3-PENTAFLUORO",,,,,,,,,,
FCC(F)(F)C(F)F,"PROPANE, 1,1,2,2,3-PENTAFLUORO",,,,,,,,,,
CC(Cl)CCl,"PROPANE, 1,2-DICHLORO",,,,,,,,,,
NCCCN,"PROPANE, 1,3-DIAMINO",1.422372297,1.440591937,1.458195842,1.44305724,1.460701244,1.479994245,1.50099696,1.523780749,1.548428464,1.575034301
CCCBr,"PROPANE, 1-BROMO",,,,,,,,,,
CCC[N+](=O)[O-],"PROPANE, 1-NITRO",,,,,,,,,,
CC(C)C,"PROPANE, 2-METHYL",,,,,,,,,,
CC(C)[N+](=O)[O-],"PROPANE, 2-NITRO",,,,,,,,,,
CCC(=O)O,PROPANOIC ACID,1.889021206,1.893009403,1.894887711,1.847642167,1.848763819,1.851125301,1.854645119,1.859256022,1.864894371,1.871504922
CCC(=O)OC(C)C,"PROPANOIC ACID, 1-METHYLETHYL ESTER",,,,,,,,,,
CC(=O)C(C)C#N,"PROPANOIC ACID, 2-ACETYL, NITRILE",,,,,,,,,,
CC(O)C(=O)O,"PROPANOIC ACID, 2-HYDROXY",0.647809744,0.689006044,0.735900395,0.779416757,0.841092948,0.913769858,1.000116792,1.103613499,1.228842888,1.381945797
CC(C)(O)C(=O)O,"PROPANOIC ACID, 2-HYDROXY-, METHYL ESTER",1.227035852,1.355259145,1.515550302,1.684698139,1.950776483,2.323450824,2.878621556,3.784795926,5.504889407,9.933220947
CC(=O)OC(C)C#N,"PROPANOIC ACID, 2-HYDROXY, NITRILE, ACETATE",,,,,,,,,,
CC(C)C(=O)N(C)C,"PROPANOIC ACID, 2-METHYL, AMIDE, N,N-DIMETHYL",,,,,,,,,,
CNC(=O)C(C)C,"PROPANOIC ACID, 2-METHYL, AMIDE, N-METHYL",1.905154241,1.951463874,1.997311938,1.984168367,2.03068805,2.080761526,2.134524555,2.192112444,2.253668936,2.319349025
N#CCCOCC1COCO1,"PROPANOIC ACID, 3-(1,3-DIOXAN-5-YLOXY), NITRILE",,,,,,,,,,
N#CCCN1CC1,"PROPANOIC ACID, 3(1-AZIRIDINYL), NITRILE",,,,,,,,,,
N#CCCN1CCCCC1,"PROPANOIC ACID, 3(1-PIPERIDINYL), NITRILE",,,,,,,,,,
N#CCCN1CCCC1,"PROPANOIC ACID, 3(1-PYRROLIDINYL), NITRILE",,,,,,,,,,
N#CCCn1cccc1,"PROPANOIC ACID, 3(1-PYRROLYL), NITRILE",,,,,,,,,,
N#CCCOCC(F)(F)C(F)F,"PROPANOIC ACID, 3-(2,2,3,3-TETRAFLUOROPROPOXY), NITRILE",,,,,,,,,,
Cc1ccccc1OCCC#N,"PROPANOIC ACID, 3-(2-METHYLPHENOXY), NITRILE",,,,,,,,,,
Cc1cccc(OCCC#N)c1,"PROPANOIC ACID, 3-(3-METHYLPHENOXY), NITRILE",,,,,,,,,,
Cc1ccc(OCCC#N)cc1,"PROPANOIC ACID, 3-(4-METHYLPHENOXY), NITRILE",,,,,,,,,,
N#CCCN1CCOCC1,"PROPANOIC ACID, 3(4-MORPHOLINYL), NITRILE",,,,,,,,,,
N#CCCNc1ccccc1,"PROPANOIC ACID, 3-(ANILINO), NITRILE",8.766850228,9.084993479,9.393514249,8.976200444,9.268161501,9.598502746,9.971453528,10.39223438,10.86728035,11.40454598
N#CCCOCc1ccccc1,"PROPANOIC ACID, 3-(BENZYLOXY), NITRILE",,,,,,,,,,
CCN(CC)CCC#N,"PROPANOIC ACID, 3(DIETHYLAMINO), NITRILE",,,,,,,,,,
CN(C)CCC#N,"PROPANOIC ACID, 3(DIMETHYLAMINO), NITRILE",,,,,,,,,,
N#CCCOCCOCCC#N,"PROPANOIC ACID, 3,3'-(ETHYLENEDIOXY)DI, NITRILE",,,,,,,,,,
N#CCCOCC(COCCC#N)OCCC#N,"PROPANOIC ACID, 3,3',3''-(1,2,3-PROPANETRIYLTRIOXY)TRI, NITRILE",,,,,,,,,,
N#CCCOCC(COCCC#N)(COCCC#N)COCCC#N,"PROPANOIC ACID, 3,3',3'',3''' (NEOPENTANETETRAYLTETRAOXY) TETRA, NITRILE",,,,,,,,,,
CC(CCOCCC#N)OCCC#N,"PROPANOIC ACID, 3,3'-[(1-METHYL-1,3-PROPANEDIYL)BIS(OXY)] BIS, NITRILE",,,,,,,,,,
N#CCCOCCOCCOCCC#N,"PROPANOIC ACID, 3,3'-[OXYBIS(ETHYLENEOXY)] DINITRILE",142.9326919,,,,,,,,,
N#CCCNCCC#N,"PROPANOIC ACID, 3,3'-IMINODI, DINITRILE",,,,,,,,,,
N#CCCOCCC#N,"PROPANOIC ACID, 3,3'-OXYDI, DINITRILE",,,,,,,,,,
COC(=O)CCSCCC(=O)OC,"PROPANOIC ACID, 3,3'-THIODI, DIMETHYL ESTER",,,,,,,,,,
N#CCCSCCC#N,"PROPANOIC ACID, 3,3'-THIODI, DINITRILE",401.0539362,,,,,,,,,
N#CCCOCC(F)(F)C(F)(F)C(F)(F)C(F)F,"PROPANOIC ACID, 3-[(2,2,3,3,4,4,5,5-OCTAFLUOROPENTYL)OXY], NITRILE",26.80720015,86.81394677,,,,,,,,
CC1(C)OCC(OCCC#N)CO1,"PROPANOIC ACID, 3-[(2,2-DIMETHYL-1,3-DIOXAN-5-YL)OXY], NITRILE",,,,,,,,,,
CC1OCC(OCCC#N)CO1,"PROPANOIC ACID, 3-[(2-METHYL-1,3-DIOXAN-5-YL)OXY], NITRILE",,,,,,,,,,
CCCCOCCC#N,"PROPANOIC ACID, 3-BUTOXY, NITRILE",,,,,,,,,,
N#CCCCl,"PROPANOIC ACID, 3-CHLORO, NITRILE",,,,,,,,,,
COC(=O)CCC#N,"PROPANOIC ACID, 3-CYANO, METHYL ESTER",,,,,,,,,,
CCOCCC#N,"PROPANOIC ACID, 3-ETHOXY, NITRILE",,,,,,,,,,
O=C1CCO1,"PROPANOIC ACID, 3-HYDROXY, BETA-LACTONE",,,,,,,,,,
N#CCCO,"PROPANOIC ACID, 3-HYDROXY, NITRILE",1.468717936,1.500290347,1.530975914,1.515785727,1.546188682,1.578696787,1.613313972,1.650039196,1.688862753,1.729775652
COC(=O)C(C)C#N,"PROPANOIC ACID, 3-HYDROXY, NITRILE, ACETATE",,,,,,,,,,
COCCC#N,"PROPANOIC ACID, 3-METHOXY, NITRILE",,,,,,,,,,
N#CCCOCC1CCCO1,"PROPANOIC ACID, 3-OXY(TETRAHYDROFURFURYL), NITRILE",,,,,,,,,,
CCCCCOCCC#N,"PROPANOIC ACID, 3-PENTOXY, NITRILE",,,,,,,,,,
N#CCCOc1ccccc1,"PROPANOIC ACID, 3-PHENOXY, NITRILE",,,,,,,,,,
CCCOCCC#N,"PROPANOIC ACID, 3-PROPOXY, NITRILE",,,,,,,,,,
N#CCCSc1ccccc1,"PROPANOIC ACID, 3-THIOPHENOXY, NITRILE",,,,,,,,,,
CCC(=O)N(C)C,"PROPANOIC ACID, AMIDE, N,N-DIMETHYL",,,,,,,,,,
CCNC(=O)CC,"PROPANOIC ACID, AMIDE, N-ETHYL",3.515612317,3.846397542,4.224147633,4.434955326,4.911100515,5.483717619,6.180880235,7.042657896,8.128357583,9.529762027
CCC(=O)NC,"PROPANOIC ACID, AMIDE, N-METHYL",2.26427368,2.356886525,2.455483006,2.487175917,2.598936097,2.724689937,2.866688432,3.027698008,3.211157391,3.4213815
CCOC(=O)CC,"PROPANOIC ACID, ETHYL ESTER",,,,,,,,,,
CN1CCC1=O,"PROPANOIC ACID, LACTAM, N-METHYL",,,,,,,,,,
CCC#N,"PROPANOIC ACID, NITRILE",,,,,,,,,,
C=CC,PROPENE,,,,,,,,,,
C=C(C)C,"PROPENE, 2-METHYL",,,,,,,,,,
c1ccncc1,PYRIDINE,5.053784677,5.806689328,6.816630936,7.715515563,9.643943995,12.91156567,19.61707204,41.03392306,,
[O-][n+]1ccccc1,"PYRIDINE, 1-OXIDE",,,,,,,,,,
OCCc1ccccn1,"PYRIDINE, 2(2-HYDROXYETHYL)",3.275759598,3.489918695,3.738590864,3.834614396,4.163996319,4.586050773,5.145090724,5.919697882,7.063880365,8.926578309
Cc1cccc(CCO)n1,"PYRIDINE, 2(2-HYDROXYETHYL), 6-METHYL",6.504677821,7.776366514,9.626462044,11.10206967,15.27982895,24.55770516,62.36558238,,,
Cc1cc(C)nc(C)c1,"PYRIDINE, 2,4,6-TRIMETHYL",,,,,,,,,,
Cc1cccc(C)n1,"PYRIDINE, 2,6-DIMETHYL",9.598648076,14.24542277,26.71722559,69.91143741,,,,,,
Nc1ccccn1,"PYRIDINE, 2-AMINO",7.137363356,7.692296885,8.321337848,8.272208851,9.017294833,9.95358131,11.15890089,12.76064713,14.98247478,18.25620715
c1ccc(Cc2ccccn2)cc1,"PYRIDINE, 2-BENZYL",,,,,,,,,,
Cc1ccccn1,"PYRIDINE, 2-METHYL",6.561356322,8.428947724,11.67327734,16.22257137,33.66820265,,,,,
CCc1cccc(C)[n+]1[O-],"PYRIDINE, 2-METHYL, 6-ETHYL, 1-OXIDE",,,,,,,,,,
O=[N+]([O-])c1ccccn1,"PYRIDINE, 2-NITRO",,,,,,,,,,
Nc1cccnc1,"PYRIDINE, 3-AMINO",2.159638451,2.224791037,2.289376364,2.266172341,2.331054185,2.401159398,2.47668565,2.557834674,2.644817707,2.737842252
CCc1cccnc1,"PYRIDINE, 3-ETHYL",,,,,,,,,,
c1ccc(Cc2ccncc2)cc1,"PYRIDINE, 4-BENZYL",,,,,,,,,,
O=[N+]([O-])c1ccncc1,"PYRIDINE, 4-NITRO",,,,,,,,,,
Fc1nc(F)c(F)c(F)c1F,"PYRIDINE, PENTAFLUORO",3.010145853,3.451403404,4.047439181,4.658825009,5.855028645,7.917093821,12.28197528,27.47433508,,
CC(=O)n1cccc1,"PYRROLE, 1-ACETYL",,,,,,,,,,
CC(=O)N1CCCC1,"PYRROLIDINE, 1-ACETYL",,,,,,,,,,
O=NN1CCCC1,"PYRROLIDINE, 1-NITROSO",,,,,,,,,,
c1ccc2ncccc2c1,QUINOLINE,,,,,,,,,,
[O-][n+]1cccc2ccccc21,"QUINOLINE, 1-OXIDE",7.187402222,10.27016796,17.49273882,36.38814037,,,,,,
Cc1cc(Cl)nc2ccccc12,"QUINOLINE, 2-CHLORO, 4-METHYL",,,,,,,,,,
Cc1ccc2ccccc2n1,"QUINOLINE, 2-METHYL",,,,,,,,,,
Cc1ccnc2ccccc12,"QUINOLINE, 4-METHYL",,,,,,,,,,
O=[N+]([O-])c1cccc2ncccc12,"QUINOLINE, 5-NITRO",,,,,,,,,,
COc1ccc2ncccc2c1,"QUINOLINE, 6-METHOXY",,,,,,,,,,
COc1cccc2cccnc12,"QUINOLINE, 8-METHOXY",,,,,,,,,,
O=[N+]([O-])c1cccc2cccnc12,"QUINOLINE, 8-NITRO",,,,,,,,,,
CO[Si](OC)(OC)OC,"SILANE, TETRAMETHOXY",1.273640516,1.374616478,1.49437438,1.594283089,1.765491481,1.984181198,2.27169828,2.663913324,3.225795699,4.087662472
CC(C)=CCCC(C)=CCCC(C)=CCCC=C(C)CCC=C(C)CCC=C(C)C,SQUALENE,,,,,,,,,,
CC(C)CCCC(C)CCCC(C)CCCCC(C)CCCC(C)CCCC(C)C,"SQUALENE, PERHYDRO",,,,,,,,,,
CCCCCCCC[Sn](Cl)(CCCCCCCC)CCCCCCCC,"STANNANE, CHLORIDE-, TRIOCTYL",,,,,,,,,,
CCCCCCCC[Sn](Cl)(Cl)CCCCCCCC,"STANNANE, DICHLORODIOCTYL",,,,,,,,,,
CCCC[Sn](CCCC)(CCCC)CCCC,"STANNANE, TETRABUTYL",,,,,,,,,,
CCCCCCCCCCCC[Sn](CCCCCCCCCCCC)(CCCCCCCCCCCC)CCCCCCCCCCCC,"STANNANE, TETRADODECYL",,,,,,,,,,
CCCCCCCC[Sn](CCCCCCCC)(CCCCCCCC)CCCCCCCC,"STANNANE, TETRAOCTYL",,,,,,,,,,
CCCCC[Sn](CCCCC)(CCCCC)CCCCC,"STANNANE, TETRAPENTYL",,,,,,,,,,
CCCCOC(=O)CCC(=O)OCCCC,"SUCCINIC ACID, DIBUTYL ESTER",,,,,,,,,,
CCOC(=O)CCC(=O)OCC,"SUCCINIC ACID, DIETHYL ESTER",,,,,,,,,,
CC(C)CCCCCOC(=O)CCC(=O)OCCCCCC(C)C,"SUCCINIC ACID, DIISOOCTYL ESTER",,,,,,,,,,
COC(=O)CCC(=O)OC,"SUCCINIC ACID, DIMETHYL ESTER",,,,,,,,,,
N#CCCC#N,"SUCCINIC ACID, DINITRILE",,,,,,,,,,
CCCCCCCCCOC(=O)CCC(=O)OCCCCCCCCC,"SUCCINIC ACID, DINONYL ESTER",,,,,,,,,,
COC(=O)CC(C=O)C(=O)OC,"SUCCINIC ACID, FORMYL, DIMETHYL ESTER",,,,,,,,,,
OCCSCCO,"SULFIDE, DIETHYL, 2,2'-DIHYDROXY",9999.99976,9999.99976,9999.99976,9999.99976,9999.99976,9999.99976,9999.99976,9999.99976,9999.99976,9999.99976
CCSCCO,"SULFIDE, DIETHYL, 2-HYDROXY",1.0608278,1.107558241,1.157782392,1.191513387,1.249740046,1.314196242,1.385610028,1.46480953,1.552723398,1.65039824
O=[N+]([O-])c1cc(S(=O)(=O)C(F)(F)F)ccc1F,"SULFONE, 4-FLUORO-3-NITROPHENYL, TRIFLUOROMETHYL",,,,,,,,,,
C=CS(=O)(=O)C=C,"SULFONE, DIETHENYL",,,,,,,,,,
O=S(=O)(c1ccccc1)C(F)F,"SULFONE, DIFLUOROMETHYL, PHENYL",,,,,,,,,,
CCS(C)(=O)=O,"SULFONE, ETHYL, METHYL",,,,,,,,,,
O=S(=O)(c1ccccc1)C(F)(F)F,"SULFONE, PHENYL, TRIFLUOROMETHYL",,,,,,,,,,
O=S1(=O)CCCC1,"SULFONE, TETRAMETHYLENE",,,,,,,,,,
CC1CC(C)S(=O)(=O)C1,"SULFONE, TETRAMETHYLENE, 2,4-DIMETHYL",,,,,,,,,,
COC1CCS(=O)(=O)C1,"SULFONE, TETRAMETHYLENE, 3-METHOXY",,,,,,,,,,
CC1CCS(=O)(=O)C1,"SULFONE, TETRAMETHYLENE, 3-METHYL",,,,,,,,,,
CCS(=O)CC,"SULFOXIDE, DIETHYL",8.9682372,12.43062796,18.28446139,19.03960766,29.85904388,57.6290236,268.3447707,,,
CS(C)=O,"SULFOXIDE, DIMETHYL",1.428065529,1.486107714,1.547839661,1.574957652,1.644842385,1.722509716,1.808938785,1.90526643,2.012798016,2.13304807
O=S(c1ccccc1)c1ccccc1,"SULFOXIDE, DIPHENYL",,,,,,,,,,
CCCS(=O)CCC,"SULFOXIDE, DIPROPYL",1.710742307,1.795595685,1.88874424,1.94180955,2.054113836,2.18345812,2.333459616,2.508823288,2.715754157,2.96260167
CCS(=O)C(C)C,"SULFOXIDE, ETHYL ISOPROPYL",2.60460221,2.764811082,2.942599456,3.023813108,3.239393716,3.492688146,3.793150017,4.153619857,4.591998337,5.133961004
CCCS(=O)C(C)C,"SULFOXIDE, ISOPROPYL PROPYL",1.912434495,2.026649057,2.152152128,2.231675379,2.382363604,2.55436899,2.75158539,2.978859255,3.242292394,3.549687093
CCCS(C)=O,"SULFOXIDE, METHYL PROPYL",2.519373973,2.770552449,3.073340772,3.261419879,3.690137247,4.253637994,5.020255015,6.112105043,7.770444959,10.54713051
O=S1CCCC1,"SULFOXIDE, TETRAMETHYLENE",1.478381904,1.554833038,1.637861599,1.687173453,1.78471011,1.894575241,2.018612272,2.158998675,2.318301613,2.499587872
O=S=O,SULFUR DIOXIDE,8.284087082,11.67228619,19.70602405,37.37817893,,,,,,
CCOS(=O)(=O)OCC,"SULFURIC ACID, DIETHYL ESTER",,,,,,,,,,
C=CS(=O)(=O)O,"SULFUROUS ACID, ETHYLENE ESTER",1.012361677,1.068329618,1.130876466,1.181814515,1.260696029,1.352167873,1.45903719,1.584950536,1.73472468,1.914835096
CCCCCCCCCCCCCCCCCCCCCCCCCCCCCCCCCCCCCCCC,TETRACONTANE,,,,,,,,,,
CCCCCCCCCCCCCCCCCCCCCCCC,TETRACOSANE,,,,,,,,,,
CCCCCCCCCCCCCC,TETRADECANE,,,,,,,,,,
CCCCCCCCCCCCCCc1ccccc1,"TETRADECANE, 1-PHENYL",,,,,,,,,,
CCCCCCC(C)C(C)CCCCCC,"TETRADECANE, 7,8-DIMETHYL",,,,,,,,,,
N#CCCCCCCCCCCCCC#N,tetradecanedinitrile,,,,,,,,,,
CCCCCCCCCCCCCC(=O)O,tetradecanoic acid,3.32128839,4.914970244,7.672343827,13.13781374,36.95,,,,,
CCCCCCCCCCCCCC(=O)N(C)C,"TETRADECANOIC ACID, AMIDE, N,N-DIMETHYL",,,,,,,,,,
OCCOCCOCCOCCO,TETRAETHYLENE GLYCOL,0.507526584,1.207267124,1.240084921,1.273668745,1.308045582,1.343243683,1.379291678,1.416223698,1.454066926,1.49286069
COCCOCCOCCOCCOC,"TETRAETHYLENE GLYCOL, DIMETHYL ETHER",,,,,,,,,,
c1ccc2c(c1)CCCC2,TETRALIN,,,,,,,,,,
[O-][S+]1CCCC1,Tetramethylene sulfoxide,2.132673021,2.286769487,2.460098502,2.566353188,2.782222883,3.036322733,3.337811865,3.698846629,4.135888228,4.671831909
CCCCCCCCCCCCCCCCCCCCCCCCCCCCCCCCCC,TETRATRIACONTANE,,,,,,,,,,
Cc1csc(N)n1,"THIAZOLE, 2-AMINO, 4-METHYL",1.974924503,2.047098943,2.125136751,2.144920774,2.236287858,2.342251324,2.466190392,2.612669148,2.78801772,3.001255508
CC(=O)N1CCSC1,"THIAZOLIDINE, 3-ACETYL",5.471427075,6.240739975,7.217142333,7.543573019,8.963265793,11.03365014,14.30298802,20.17214651,33.60689051,94.32263978
CC1CCS1(=O)=O,"THIETANE, 2-METHYL, 1,1-DIOXIDE",,,,,,,,,,
COC(=O)CSCC(=O)OC,"THIODIGLYCOLIC ACID, DIMETHYL ESTER",,,,,,,,,,
CC(=O)c1cccs1,"THIOPHENE, 2-ACETYL",,,,,,,,,,
Cc1ccccc1,TOLUENE,,,,,,,,,,
Cc1c([N+](=O)[O-])cc([N+](=O)[O-])cc1[N+](=O)[O-],"TOLUENE, 2,4,6-TRINITRO",,,,,,,,,,
Cc1ccc([N+](=O)[O-])cc1[N+](=O)[O-],"TOLUENE, 2,4-DINITRO",,,,,,,,,,
Cc1ccccc1N,"TOLUENE, 2-AMINO",,,,,,,,,,
FC(F)(F)c1ccccc1Cl,"TOLUENE, 2-CHLORO, ALPHA, ALPHA, ALPHA-TRIFLUORO",,,,,,,,,,
Cc1ccccc1O,"TOLUENE, 2-HYDROXY",2.387676658,2.592651209,2.823405253,2.997021162,3.285658313,3.621146119,4.013392793,4.475272411,5.023876946,5.682439241
O=[N+]([O-])c1cc(C(F)(F)F)cc([N+](=O)[O-])c1F,"TOLUENE, 3,5-DINITRO, ALPHA, ALPHA, ALPHA, 4-TETRAFLUORO",,,,,,,,,,
O=[N+]([O-])c1cc([N+](=O)[O-])cc(C(F)(F)F)c1,"TOLUENE, 3,5-DINITRO, ALPHA, ALPHA, ALPHA-TRIFLUORO",,,,,,,,,,
Nc1cc(C(F)(F)F)ccc1Cl,"TOLUENE, 3-AMINO, 4-CHLORO, ALPHA, ALPHA, ALPHA-TRIFLUORO",,,,,,,,,,
Cc1cccc(O)c1,"TOLUENE, 3-HYDROXY",1.376346809,1.48485887,1.605725595,1.703392065,1.851053025,2.017846002,2.205922135,2.417597789,2.655407293,2.922177435
O=[N+]([O-])c1cc(C(F)(F)F)ccc1F,"TOLUENE, 3-NITRO, ALPHA, ALPHA, ALPHA, 4-TETRAFLUORO",,,,,,,,,,
O=[N+]([O-])c1cccc(C(F)(F)F)c1,"TOLUENE, 3-NITRO, ALPHA, ALPHA, ALPHA-TRIFLUORO",,,,,,,,,,
Cc1ccc(N)cc1,"TOLUENE, 4-AMINO",86.77985158,,,,,,,,,
O=[N+]([O-])c1cc(C(F)(F)F)cc([N+](=O)[O-])c1Cl,"TOLUENE, 4-CHLORO, 3,5-DINITRO, ALPHA, ALPHA, ALPHA-TRIFLUORO",,,,,,,,,,
O=[N+]([O-])c1cc(C(F)(F)F)ccc1Cl,"TOLUENE, 4-CHLORO, 3-NITRO, ALPHA, ALPHA, ALPHA-TRIFLUORO",,,,,,,,,,
Cc1ccc(O)cc1,"TOLUENE, 4-HYDROXY",1.169370159,1.255244547,1.351192534,1.429359111,1.547859988,1.682612013,1.835692192,2.009356307,2.206049353,2.428442994
O=[N+]([O-])c1cc(C(F)(F)F)ccc1O,"TOLUENE, 4-HYDROXY, 3-NITRO, ALPHA, ALPHA, ALPHA-TRIFLUORO",37.42729474,,,,,,,,,
O=[N+]([O-])c1ccc(C(F)F)cc1,"TOLUENE, ALPHA, ALPHA-DIFLUORO, 4-NITRO",,,,,,,,,,
NCc1ccccc1,"TOLUENE, ALPHA-AMINO",,,,,,,,,,
OCc1c(F)c(F)c(F)c(F)c1F,"TOLUENE, ALPHA-HYDROXY, 2,3,4,5,6-PENTAFLUORO",,,,,,,,,,
CC(O)c1c(F)c(F)c(F)c(F)c1F,"TOLUENE, ALPHA-HYDROXY, ALPHA-METHYL, 2,3,4,5,6-PENTAFLUORO",,,,,,,,,,
CCCCCCCCCCCCCCCCCCCCCCCCCCCCCC,TRIACONTANE,,,,,,,,,,
Cc1ccc(OP(=O)(Oc2ccc(C)cc2)Oc2ccc(C)cc2)cc1,Tricresyl phosphate,,,,,,,,,,
CCCCCCCCCCCCC,TRIDECANE,,,,,,,,,,
OCCOCCOCCO,TRIETHYLENE GLYCOL,0.4524194,0.450226893,0.447706876,0.438913936,1.341161729,1.389085538,1.438983131,1.490981698,1.545216139,1.601832912
CCCCOCCOCCOCCOCCCC,"TRIETHYLENE GLYCOL, DIBUTYL ETHER",,,,,,,,,,
NCCNCCNCCN,TRIETHYLENETETRAMINE,9999.999759,9999.999759,9999.999759,9999.999759,9999.999759,9999.999759,9999.999759,9999.999759,9999.999759,9999.999759
CCCCOCCCOCCCOCCCOCCCC,"TRIPROPYLENE GLYCOL, DIBUTYL ETHER",,,,,,,,,,
COCCCOCCCOCCCOC,"TRIPROPYLENE GLYCOL, DIMETHYL ETHER",,,,,,,,,,
CCCCCCCCCCC,UNDECANE,,,,,,,,,,
CN(C)C(=O)N(C)C,"UREA, 1,1,3,3-TETRAMETHYL",,,,,,,,,,
O,WATER,0.473369175,0.488193666,0.503698411,0.514794287,0.53191013,0.55016921,0.569615176,0.590280609,0.612197251,0.635389271
